Tiempo,Carga,Extension_de_traccion,Esfuerzo_de_traccion,Deformacion_dos,Deformacion_media,Desplazamiento_Deformacion_uno,Desplazamiento_Deformacion_dos
0,0.58202,0,0.01455,0,0,-0.00003,0
0.1,1.23323,0.00516,0.03083,0,0,0.00068,0
0.2,4.50261,0.01594,0.11257,0,0,0.00268,0
0.3,6.97658,0.02516,0.17441,0,0,0.00493,0
0.4,9.07754,0.03297,0.22694,0,0,0.00659,0
0.5,11.68552,0.04187,0.29214,0,0,0.00838,0
0.6,13.95967,0.04984,0.34899,0,0,0.01012,0
0.7,16.45402,0.05828,0.41135,0,0,0.01179,0
0.8,18.35907,0.06656,0.45898,0,0,0.01309,0
0.9,20.7155,75,0.51789,0,0,0.01527,0
1,23.02569,0.08391,0.57564,0,0,0.01657,0
1.1,25.09922,0.09125,0.62748,0,0,0.01819,0
1.2,27.20645,0.10031,0.68016,0,0,0.01998,0
1.3,29.44611,0.10828,0.73615,0,0,0.02134,0
1.4,32.06585,0.11687,0.80165,0,0,0.02351,0
1.5,34.08922,125,0.85223,0,0,0.02469,0
1.6,36.50129,0.13328,0.91253,0,0,0.02635,0
1.7,38.69786,0.14172,0.96745,0,0,0.02817,0
1.8,41.23766,0.14969,1.03094,0,0,0.02976,0
1.9,42.51422,0.15828,1.06286,0,0,0.03152,0
2,44.13794,0.16641,1.10345,0,0,0.03781,0
2.1,46.56489,0.17547,1.16412,0,0,0.03714,0
2.2,48.48405,0.18312,1.2121,0,0,0.03565,0
2.3,50.39458,0.19187,1.25986,0,0,0.04907,0
2.4,52.36624,0.19984,1.30916,0,0,0.03526,0
2.5,54.61844,0.20797,1.36546,0,0,0.04867,0
2.6,57.02032,0.21672,1.42551,0,0,0.04869,0
2.7,59.01548,0.22469,1.47539,0,0,0.03998,0
2.8,61.55372,0.23391,1.53884,0,0,0.05649,0
2.9,63.44231,0.24156,1.58606,0,0,0.0462,0
3,65.9829,0.25031,1.64957,0,0,0.04969,0
3.1,67.88873,0.25812,1.69722,0,0,0.05833,0
3.2,70.26161,0.26656,1.75654,0,0,0.04767,0
3.3,71.61419,0.27484,1.79035,0,0,0.05903,0
3.4,73.61954,0.28328,1.84049,0,0,0.05748,0
3.5,75.67191,0.29172,1.8918,0,0,0.05327,0
3.6,77.89434,0.29937,1.94736,0,0,0.06493,0
3.7,80.14341,0.30891,2.00359,0,0,0.05713,0
3.8,82.22635,0.31641,2.05566,0,0,0.06203,0
3.9,84.4088,0.32531,2.11022,0,0,0.06764,0
4,86.46353,0.33312,2.16159,0,0,0.06007,0
4.1,88.78391,0.34172,2.2196,0,0,0.07009,0
4.2,90.59178,0.34984,2.26479,0,0,0.06826,0
4.3,92.13244,0.35766,2.30331,0,0,0.06621,0
4.4,94.2765,0.36687,2.35691,0,0,0.07561,0
4.5,96.11964,0.37484,2.40299,0,0,0.06975,0
4.6,98.28171,0.38391,2.45704,0,0,0.07435,0
4.7,100.27139,0.39172,2.50678,0,0,0.07846,0
4.8,102.46091,0.40047,2.56152,0,0,0.07411,0
4.9,104.21785,0.40828,2.60545,0,0,0.08169,0
5,106.35955,0.41641,2.65899,0,0,0.08099,0
5.1,107.99738,425,2.69993,0,0,0.08032,0
5.2,110.34284,0.43312,2.75857,0,0,0.08748,0
5.3,111.94539,0.44219,2.79863,0,0,0.08382,0
5.4,113.87238,0.44953,2.84681,0,0,0.08747,0
5.5,115.94826,0.45891,2.89871,0,0,0.09087,0
5.6,117.91758,0.46656,2.94794,0,0,0.08809,0
5.7,119.83673,0.47469,2.99592,0,0,0.09435,0
5.8,121.95806,0.48328,3.04895,0,0,0.09375,0
5.9,123.67582,0.49141,3.0919,0,0,0.09382,0
6,125.60046,0.50047,3.14001,0,0,0.09969,0
6.1,127.15443,0.50766,3.17886,0,0,0.09676,0
6.2,129.35335,0.51703,3.23383,0,0,0.1004,0
6.3,131.22,0.52469,3.2805,0,0,0.10329,0
6.4,133.21829,0.53359,3.33046,0,0,0.10131,0
6.5,135.06379,0.54172,3.37659,0,0,0.10653,0
6.6,137.1671,0.55031,3.42918,0,0,0.10687,0
6.7,138.98986,0.55859,3.47475,0,0,0.10695,0
6.8,141.06182,0.56609,3.52655,0,0,0.11153,0
6.9,143.15965,0.57531,3.57899,0,0,0.11007,0
7,145.01533,0.58297,3.62538,0,0,0.1127,0
7.1,147.35295,0.59219,3.68382,0,0,0.11574,0
7.2,149.12243,0.59969,3.72806,0,0,0.11424,0
7.3,151.12699,0.60844,3.77817,0,0,0.11868,0
7.4,153.29848,0.61672,3.83246,0,0,0.1192,0
7.5,155.54677,0.62453,3.88867,0,0,0.11944,0
7.6,157.32329,0.63328,3.93308,0,0,0.12359,0
7.7,159.71499,0.64156,3.99287,0,0,0.12287,0
7.8,161.76658,0.65031,4.04416,0,0,0.12501,0
7.9,163.69749,0.65797,4.09244,0,0,0.12792,0
8,165.99357,0.66687,4.14984,0,0,0.12705,0
8.1,168.22462,0.67484,4.20562,0,0,0.13072,0
8.2,170.45331,0.68328,4.26133,0,0,0.13204,0
8.3,172.35287,0.69156,4.30882,0,0,0.13218,0
8.4,174.63799,0.7,4.36595,0,0,0.13601,0
8.5,176.66764,0.70891,4.41669,0,0,0.13571,0
8.6,178.89006,0.71609,4.47225,0,0,0.13754,0
8.7,181.22063,0.72531,4.53052,0,0,0.14056,0
8.8,183.11706,0.73328,4.57793,0,0,0.14019,0
8.9,185.52443,0.74187,4.63811,0,0,0.14339,0
9,187.33935,0.75,4.68348,0,0,0.14444,0
9.1,189.79061,0.75828,4.74477,0,0,0.14517,0
9.2,191.59926,0.76672,4.78998,0,0,0.14829,0
9.3,193835,0.77469,4.84588,0,0,0.14882,0
9.4,195.79805,0.78312,4.89495,0,0,0.15043,0
9.5,198.01576,0.79156,4.95039,0,0,0.15305,0
9.6,200.05323,0.80047,5.00133,0,0,0.15314,0
9.7,202.09621,0.80812,5.05241,0,0,0.15548,0
9.8,204.42677,0.81672,5.11067,0,0,0.15721,0
9.9,206.46662,0.82484,5.16167,0,0,0.15779,0
10,208.63654,0.83297,5.21591,0,0,0.16099,0
10.1,210.69832,0.84172,5.26746,0,0,0.16124,0
10.2,213.07198,0.84969,5.3268,0,0,0.16282,0
10.3,215.05931,0.85906,5.37648,0,0,0.16521,0
10.4,217.2159,0.86656,5.4304,0,0,0.16562,0
10.5,219.32237,0.87531,5.48306,0,0,0.16795,0
10.6,221.25014,0.88328,5.53125,0,0,0.16959,0
10.7,223.79933,0.89156,5.59498,0,0,0.17024,0
10.8,225.7036,0.89984,5.64259,0,0,0.17284,0
10.9,227.73247,0.90828,5.69331,0,0,0.17394,0
11,229.65006,0.91672,5.74125,0,0,0.17499,0
11.1,232.12011,0.92453,5803,0,0,0.17757,0
11.2,234.43187,0.93391,5.8608,0,0,0.17824,0
11.3,236.32438,0.94125,5.90811,0,0,0.18025,0
11.4,238.50605,0.95031,5.96265,0,0,0.18206,0
11.5,240.4738,0.95812,6.01185,0,0,0.18271,0
11.6,242.79025,0.96687,6.06976,0,0,0.18509,0
11.7,244.78543,975,6.11964,0,0,0.18651,0
11.8,246.88402,0.98281,6.1721,0,0,0.18772,0
11.9,248.95598,0.99203,6.2239,0,0,0.18995,0
12,250.99269,0.99984,6.27482,0,0,0.19083,0
12.1,253.23157,1.00891,6.33079,0,0,0.19264,0
12.2,255.33095,1.01656,6.38327,0,0,0.19424,0
12.3,257.62706,1.02531,6.44068,0,0,0.19556,0
12.4,259.67003,1.03328,6.49175,0,0,0.19735,0
12.5,261.94809,1.04141,6.5487,0,0,0.19887,0
12.6,263.92993,1.04984,6.59825,0,0,0.19995,0
12.7,265.86868,1.05812,6.64672,0,0,0.20224,0
12.8,268.05191,1.06719,6.7013,0,0,0.20326,0
12.9,270.10585,1.07453,6.75265,0,0,0.20482,0
13,272.47169,1.08391,6.81179,0,0,0.20679,0
13.1,274.41278,1.09156,6.86032,0,0,0.20759,0
13.2,276.59682,1.09984,6.91492,0,0,0.21002,0
13.3,278.54417,1.10828,6.9636,0,0,0.21135,0
13.4,280.83634,1.11641,7.02091,0,0,0.21225,0
13.5,282.84639,1.12547,7.07116,0,0,0.21459,0
13.6,284.71304,1.13266,7.11783,0,0,0.21562,0
13.7,287.0546,1.14187,7.17636,0,0,0.21728,0
13.8,289.23156,1.14984,7.23079,0,0,0.21908,0
13.9,291.3435,1.15859,7.28359,0,0,0.22047,0
14,293.16077,1.16656,7.32902,0,0,222,0
14.1,295.49839,1.17531,7.38746,0,0,0.22382,0
14.2,297.29451,1.18344,7.43236,0,0,0.2248,0
14.3,299.20896,1.19109,7.48022,0,0,0.22686,0
14.4,301.83652,1.20031,7.54591,0,0,0.2283,0
14.5,303.39286,1.20812,7.58482,0,0,0.22985,0
14.6,305.7203,1.21719,7.64301,0,0,0.23183,0
14.7,307.51093,1.22469,7.68777,0,0,0.23253,0
14.8,309.82504,1.23359,7.74563,0,0,0.23462,0
14.9,311.89464,1.24187,7.79737,0,0,0.23609,0
15,314.01678,1.24953,7.85042,0,0,0.23745,0
15.1,315.91477,1.25828,7.89787,0,0,0.23912,0
15.2,317.98829,1.26641,7.94971,0,0,0.24059,0
15.3,320.0344,1.27531,8.00086,0,0,0.24207,0
15.4,321.95826,1.28312,8.04896,0,0,0.24387,0
15.5,324.15248,1.29187,8.10381,0,0,0.24507,0
15.6,326.30044,1.29984,8.15751,0,0,0.24667,0
15.7,328.41708,1.30828,8.21043,0,0,0.24869,0
15.8,330.24533,1.31641,8.25613,0,0,0.24965,0
15.9,332.60882,1325,8.31522,0,0,0.25155,0
16,334.58988,1.33406,8.36475,0,0,0.25299,0
16.1,336.40245,1.34109,8.41006,0,0,0.25453,0
16.2,338.57471,1.35031,8.46437,0,0,0.25604,0
16.3,340.73915,1.35828,8.51848,0,0,0.25763,0
16.4,343.10969,1.36687,8.57774,0,0,0.25917,0
16.5,344.6864,1375,8.61716,0,0,0.26067,0
16.6,347.0538,1.38328,8.67634,0,0,0.26206,0
16.7,349.06229,1.39172,8.72656,0,0,0.26377,0
16.8,351.04647,1.39969,8.77616,0,0,0.26546,0
16.9,353.04946,1.40812,8.82624,0,0,0.26669,0
17,354.99136,1.41656,8.87478,0,0,0.26838,0
17.1,357.36659,1.42547,8.93417,0,0,0.27006,0
17.2,359.15645,1.43312,8.97891,0,0,0.27112,0
17.3,361.46899,1.44187,9.03673,0,0,0.27315,0
17.4,363.25257,1.44984,9.08131,0,0,0.27428,0
17.5,365.5181,1.45797,9.13795,0,0,0.2761,0
17.6,367.39022,1.46672,9.18476,0,0,0.27764,0
17.7,369.49276,1.47469,9.23732,0,0,0.27907,0
17.8,371.67678,1.48406,9.29192,0,0,0.28047,0
17.9,373.49483,1.49156,9.33737,0,0,0.28193,0
18,375.73765,1.50031,9.39344,0,0,0.28337,0
18.1,377.52672,1.50828,9.43817,0,0,0.28482,0
18.2,379.55164,1.51656,9.48879,0,0,0.28579,0
18.3,380.32199,1525,9.50805,0,0,0.28561,0
18.4,382.53423,1.53328,9.56336,0,0,0.28451,0
18.5,384.3656,1.54172,9.60914,0,0,0.28991,0
18.6,386.40464,1.54953,9.66012,0,0,0.28918,0
18.7,388.5448,1.55875,9.71362,0,0,0.29031,0
18.8,390.62146,1.56625,9.76554,0,0,0.29395,0
18.9,392.62995,1.57531,9.81575,0,0,0.29278,0
19,394.77712,1.58312,9.86943,0,0,0.29591,0
19.1,396.69471,1.59172,9.91737,0,0,0.29792,0
19.2,398.66404,1.6,9.9666,0,0,0.29715,0
19.3,400.72659,1.60781,10.01816,0,0,0.3012,0
19.4,402.65438,1.61703,10.06636,0,0,0.30114,0
19.5,404.76318,1.62484,10.11908,0,0,0.30209,0
19.6,406.84845,1.63375,10.17121,0,0,0.30583,0
19.7,408.86477,1.64156,10.22162,0,0,0.30483,0
19.8,411.01743,1.65031,10.27544,0,0,0.30785,0
19.9,413.00636,1.65828,10.32516,0,0,0.31005,0
20,415.13629,1.66641,10.37841,0,0,0.30962,0
20.1,417.14869,1.67484,10.42872,0,0,0.31308,0
20.2,418.90484,1.68312,10.47262,0,0,0.31388,0
20.3,421.03166,1.69219,10.52579,0,0,0.31438,0
20.4,422.94143,1.69953,10.57354,0,0,0.31769,0
20.5,425.06042,1.70891,10.62651,0,0,0.31773,0
20.6,426.92078,1.71656,10.67302,0,0,0.3198,0
20.7,429.16359,1.72469,10.72909,0,0,0.32215,0
20.8,430.87509,1.73328,10.77188,0,0,0.32205,0
20.9,433.13433,1.74141,10.82836,0,0,0.3251,0
21,435.19139,1.75047,10.87978,0,0,0.32621,0
21.1,437.04472,1.75766,10.92612,0,0,0.32678,0
21.2,439.17471,1.76703,10.97937,0,0,0.33,0
21.3,441.1628,1.77484,11.02907,0,0,0.33033,0
21.4,442.9895,1.78359,11.07474,0,0,0.33228,0
21.5,444.89531,1.79172,11.12238,0,0,0.33464,0
21.6,447.0394,1.80031,11.17599,0,0,0.33497,0
21.7,448.86922,1.80859,11.22173,0,0,0.33741,0
21.8,450.77503,1.81609,11.26938,0,0,0.33864,0
21.9,453.06408,1.82547,11.3266,0,0,0.33975,0
22,454.98712,1.83297,11.37468,0,0,0.34236,0
22.1,456.95957,1.84219,11.42399,0,0,0.34311,0
22.2,458.83171,1.84969,11.47079,0,0,0.34436,0
22.3,460.98907,1.85859,11.52473,0,0,0.34702,0
22.4,462.78364,1.86687,11.56959,0,0,0.3474,0
22.5,464.97709,1.87453,11.62443,0,0,0.34974,0
22.6,466.75205,1.88328,11.6688,0,0,0.35147,0
22.7,468.74797,1.89156,11.7187,0,0,0.35216,0
22.8,470.69849,1.90031,11.76746,0,0,0.35493,0
22.9,472.59727,1.90797,11.81493,0,0,0.35527,0
23,474.48352,1.91687,11.86209,0,0,0.35735,0
23.1,476.5633,1.92484,11.91408,0,0,0.35933,0
23.2,478.78888,1.93328,11.96972,0,0,0.36017,0
23.3,480.41414,1.94156,12.01035,0,0,0.36174,0
23.4,482.54095,1.95,12.06352,0,0,0.36393,0
23.5,484.49067,1.95891,12.11227,0,0,0.36475,0
23.6,486.40044,1.96609,12.16001,0,0,0.36684,0
23.7,488.30863,1.97531,12.20772,0,0,368,0
23.8,490.27088,1.98328,12.25677,0,0,0.36968,0
23.9,492.28799,1.99187,12.3072,0,0,0.37196,0
24,494.14677,2,12.35367,0,0,0.37266,0
24.1,495.99935,2.00828,12.39998,0,0,0.37446,0
24.2,498.00547,2.01672,12.45014,0,0,0.37615,0
24.3,500.11268,2.02469,12.50282,0,0,0.37733,0
24.4,501.71367,2.03312,12.54284,0,0,0.37951,0
24.5,503.67438,2.04156,12.59186,0,0,0.38083,0
24.6,505.81763,2.05047,12.64544,0,0,0.38224,0
24.7,507.49467,2.05812,12.68737,0,0,384,0
24.8,509.69906,2.06687,12.74248,0,0,0.3854,0
24.9,511.34787,2.07484,12.7837,0,0,0.38691,0
25,513.6847,2.08297,12.84212,0,0,0.38879,0
25.1,515.45496,2.09172,12.88637,0,0,0.38997,0
25.2,517.27928,2.09969,12.93198,0,0,0.39174,0
25.3,519.23525,2.10906,12.98088,0,0,0.39338,0
25.4,521.03451,2.11656,13.02586,0,0,0.3945,0
25.5,523.16291,2.12531,13.07907,0,0,0.39644,0
25.6,524.81485,2.13328,13.12037,0,0,0.39765,0
25.7,526.97537,2.14156,13.17438,0,0,0.39961,0
25.8,528.70801,2.15,13.2177,0,0,0.40118,0
25.9,530.87636,2.15828,13.27191,0,0,0.40251,0
26,532.47577,2.16672,13.31189,0,0,0.4041,0
26.1,534.38395,2.17437,13.3596,0,0,0.4058,0
26.2,536.58364,2.18375,13.41459,0,0,0.4071,0
26.3,538.2583,2.19125,13.45646,0,0,0.40892,0
26.4,540.3914,2.20031,13.50978,0,0,0.4108,0
26.5,541.96734,2.20812,13.54918,0,0,0.41182,0
26.6,543.91939,2.21687,13.59799,0,0,0.41392,0
26.7,545.75233,2225,13.64381,0,0,0.41509,0
26.8,547.83057,2.23281,13.69576,0,0,0.41678,0
26.9,549.66118,2.24187,13.74153,0,0,0.41834,0
27,551.63046,2.24969,13.79076,0,0,0.41984,0
27.1,553.56375,2.25875,13.83909,0,0,0.42152,0
27.2,555.13261,2.26656,13.87831,0,0,0.42293,0
27.3,557.52588,2.27531,13.93815,0,0,0.42477,0
27.4,559.04849,2.28328,13.97621,0,0,0.42611,0
27.5,561.07971,2.29141,14.02699,0,0,0.42773,0
27.6,562.72848,2.29984,14.06821,0,0,0.42928,0
27.7,564.68998,2.30812,14.11725,0,0,0.43096,0
27.8,566.57935,2.31719,14.16448,0,0,0.43236,0
27.9,568.25946,2.32453,14.20649,0,0,0.43376,0
28,570.36201,2.33391,14.25905,0,0,0.43552,0
28.1,572.17381,2.34141,14.30435,0,0,0.43701,0
28.2,574.27553,2.34984,14.35689,0,0,0.43866,0
28.3,575.73705,2.35828,14.39343,0,0,0.4401,0
28.4,577.83015,2.36641,14.44575,0,0,0.44182,0
28.5,579.65373,2.37547,14.49134,0,0,0.44338,0
28.6,581.21788,2.38266,14.53045,0,0,0.4449,0
28.7,583.17385,2.39187,14.57935,0,0,0.44649,0
28.8,585.18471,2.39984,14.62962,0,0,0.44813,0
28.9,587.21201,2.40859,14.6803,0,0,0.44987,0
29,588.6774,2.41656,14.71694,0,0,0.45121,0
29.1,590.75095,2.42531,14.76877,0,0,0.45277,0
29.2,592.31902,2.43359,14.80798,0,0,0.45437,0
29.3,594.4333,2.44125,14.86083,0,0,0.4561,0
29.4,596.34228,2.45047,14.90856,0,0,0.45755,0
29.5,598.00912,2.45797,14.95023,0,0,0.45931,0
29.6,599.77071,2.46719,14.99427,0,0,0.46067,0
29.7,601.57548,2.47469,15.03939,0,0,0.46207,0
29.8,603.3089,2.48344,15.08272,0,0,0.46394,0
29.9,605.31581,2.49187,15.1329,0,0,0.46548,0
30,607.22949,2.49937,15.18074,0,0,0.46703,0
30.1,608.85479,2.50828,15.22137,0,0,0.46859,0
30.2,610.86952,2.51656,15.27174,0,0,0.47012,0
30.3,612.54734,2.52547,15.31368,0,0,0.47171,0
30.4,614.17026,2.53297,15.35426,0,0,0.47319,0
30.5,616.13801,2.54187,15.40345,0,0,0.47484,0
30.6,617.83618,2.54984,15.4459,0,0,0.47634,0
30.7,620.01315,2.55828,15.50033,0,0,0.4781,0
30.8,621.59374,2.56656,15.53984,0,0,0.47956,0
30.9,623.48079,2575,15.58702,0,0,0.48129,0
31,625.43834,2.58406,15.63596,0,0,0.48248,0
31.1,626.83634,2.59125,15.67091,0,0,0.48413,0
31.2,628.77196,2.60016,15.7193,0,0,0.48589,0
31.3,630.68252,2.60828,15.76706,0,0,0.48722,0
31.4,632.59536,2.61687,15.81488,0,0,0.48929,0
31.5,634.13838,2625,15.85346,0,0,0.49053,0
31.6,635.95097,2.63328,15.89877,0,0,0.49215,0
31.7,637.63265,2.64172,15.94082,0,0,0.49357,0
31.8,639.52911,2.64969,15.98823,0,0,0.49526,0
31.9,641.15361,2.65812,16.02884,0,0,0.49682,0
32,643.14483,2.66656,16.07862,0,0,0.49836,0
32.1,645.04989,2.67547,16.12625,0,0,0.50016,0
32.2,646.52786,2.68312,16.1632,0,0,0.50143,0
32.3,648.26207,2.69187,16.20655,0,0,0.50305,0
32.4,650.09189,2.69984,16.2523,0,0,0.50475,0
32.5,652.01572,2.70797,16.30039,0,0,0.50639,0
32.6,653.69508,2.71672,16.34238,0,0,0.50773,0
32.7,655.37365,2.72469,16.38434,0,0,0.50937,0
32.8,657.28263,2.73406,16.43207,0,0,0.51109,0
32.9,658.76059,2.74156,16.46902,0,0,0.51238,0
33,660.5865,2.75031,16.51466,0,0,0.51403,0
33.1,662.43825,2.75812,16.56096,0,0,0.51573,0
33.2,664.37623,2.76656,16.60941,0,0,0.51752,0
33.3,665.81029,2.77484,16.64526,0,0,0.51886,0
33.4,667.64248,2.78328,16.69106,0,0,0.52054,0
33.5,669.39155,2.79187,16.73479,0,0,0.52184,0
33.6,670.42285,2.79953,16.76057,0,0,0.52254,0
33.7,671.87021,2.80875,16.79675,0,0,0.52458,0
33.8,673.74236,2.81625,16.84356,0,0,0.52571,0
33.9,675.56123,2.82531,16.88903,0,0,0.5277,0
34,677.04231,2.83312,16.92606,0,0,0.52899,0
34.1,678.99358,2.84187,16.97484,0,0,0.53068,0
34.2,680.58595,2.85,17.01465,0,0,0.5325,0
34.3,682.31313,2.85766,17.05783,0,0,0.5337,0
34.4,684.28949,2.86687,17.10724,0,0,0.53545,0
34.5,686.12481,2.87484,17.15312,0,0,0.53733,0
34.6,687.71793,2.88375,17.19295,0,0,0.53875,0
34.7,689.31738,2.89172,17.23293,0,0,0.5402,0
34.8,691.29216,2.90047,17.2823,0,0,0.54226,0
34.9,692.85943,2.90828,17.32149,0,0,0.54345,0
35,694.60776,2.91641,17.36519,0,0,0.54535,0
35.1,696.17662,2.92484,17.40442,0,0,0.54693,0
35.2,697.92811,2.93312,17.4482,0,0,0.54851,0
35.3,699.64034,2.94219,17.49101,0,0,0.55014,0
35.4,701.37694,2.94953,17.53442,0,0,0.55122,0
35.5,702.90109,2.95891,17.57253,0,0,553,0
35.6,704.46213,2.96641,17.61155,0,0,0.55484,0
35.7,706.41423,2.97484,17.66036,0,0,0.55647,0
35.8,707.96111,2.98328,17.69903,0,0,0.55786,0
35.9,709.79488,2.99141,17.74487,0,0,0.55966,0
36,711.41152,3.00047,17.78529,0,0,0.56119,0
36.1,712.82838,3.00766,17.82071,0,0,0.56267,0
36.2,714.92307,3.01703,17.87308,0,0,0.56448,0
36.3,716.45901,3.02484,17.91147,0,0,566,0
36.4,718.15168,3.03344,17.95379,0,0,0.56757,0
36.5,719.50974,3.04156,17.98774,0,0,0.56903,0
36.6,721.55665,3.05031,18.03892,0,0,0.57074,0
36.7,723.14432,3.05859,18.07861,0,0,0.57237,0
36.8,724.76487,3.06609,18.11912,0,0,0.57384,0
36.9,726.58136,3.07547,18.16453,0,0,0.57565,0
37,727.87986,3.08297,18197,0,0,0.57711,0
37.1,729.97534,3.09219,18.24938,0,0,0.57874,0
37.2,731.31071,3.09969,18.28277,0,0,0.58044,0
37.3,733.13504,3.10844,18.32838,0,0,0.58206,0
37.4,734.61924,3.11687,18.36548,0,0,0.58352,0
37.5,736.56272,3.12453,18.41407,0,0,0.58525,0
37.6,737.96776,3.13328,18.44919,0,0,0.58676,0
37.7,739.63539,3.14156,18.49088,0,0,0.58827,0
37.8,741.17132,3.15031,18.52928,0,0,0.59018,0
37.9,742.6783,3.15797,18.56696,0,0,0.59119,0
38,744.50653,3.16687,18.61266,0,0,0.5933,0
38.1,746.09891,3.17484,18.65247,0,0,0.59476,0
38.2,747.83703,3.18328,18.69593,0,0,0.59651,0
38.3,749.25856,3.19156,18.73146,0,0,0.59796,0
38.4,751.1605,3.20016,18.77901,0,0,0.59952,0
38.5,752.61886,3.20906,18.81547,0,0,0.60119,0
38.6,754.08975,3.21625,18.85224,0,0,0.60276,0
38.7,755.67663,3.22531,18.89192,0,0,0.6044,0
38.8,757.41322,3.23344,18.93533,0,0,0.6063,0
38.9,759.09412,3.24187,18.97735,0,0,0.60744,0
39,760.32993,3.25,19.00825,0,0,0.60892,0
39.1,762.02652,3.25828,19.05066,0,0,0.61106,0
39.2,763.73648,3.26672,19.09341,0,0,0.61246,0
39.3,765.33118,3.27469,19.13328,0,0,0.61388,0
39.4,766.81385,3.28312,19.17035,0,0,0.61542,0
39.5,768.03947,3.29141,19.20099,0,0,0.61654,0
39.6,769.78309,3.30047,19.24458,0,0,0.61869,0
39.7,771.04084,3.30812,19.27602,0,0,0.61981,0
39.8,772.68495,3.31687,19.31712,0,0,0.62174,0
39.9,774.20757,3.32484,19.35519,0,0,0.62328,0
40,775.97001,3.33297,19.39925,0,0,0.62507,0
40.1,777.57724,3.34172,19.43943,0,0,0.62673,0
40.2,779.20412,3.34984,19.4801,0,0,0.62846,0
40.3,780.51905,3.35906,19.51298,0,0,0.62983,0
40.4,781.92102,3.36656,19.54803,0,0,0.63125,0
40.5,783.78292,3.37531,19.59457,0,0,0.63324,0
40.6,785.0376,3.38328,19.62594,0,0,0.63466,0
40.7,786.81251,3.39156,19.67031,0,0,0.63669,0
40.8,788.25438,3.39984,19.70636,0,0,0.63784,0
40.9,789.79349,3.40828,19.74484,0,0,0.63966,0
41,791.43839,3.41672,19.78596,0,0,0.64094,0
41.1,792.65935,3.42437,19.81648,0,0,0.64264,0
41.2,794.37625,3.43375,19.85941,0,0,0.64451,0
41.3,795.7343,3.44141,19.89336,0,0,0.64592,0
41.4,797.43247,3.45031,19.93581,0,0,0.64778,0
41.5,798.75058,3.45828,19.96877,0,0,0.64928,0
41.6,800.55064,3.46687,20.01377,0,0,0.65124,0
41.7,801.73789,3475,20.04345,0,0,0.65266,0
41.8,803.44463,3.48281,20.08611,0,0,0.65405,0
41.9,804.84813,3.49187,20.1212,0,0,0.65575,0
42,806.38882,3.49969,20.15972,0,0,0.65763,0
42.1,808.02115,3.50891,20.20053,0,0,0.65903,0
42.2,809.23112,3.51672,20.23078,0,0,0.66066,0
42.3,810.99588,3.52531,20.2749,0,0,0.66276,0
42.4,812.45266,3.53328,20.31132,0,0,0.66402,0
42.5,814.01682,3.54141,20.35042,0,0,0.66582,0
42.6,815.29031,3.54984,20.38226,0,0,0.66729,0
42.7,816.70471,3.55812,20.41762,0,0,0.66916,0
42.8,818.40763,3.56719,20.46019,0,0,0.67074,0
42.9,819.62384,3.57453,20.4906,0,0,0.67199,0
43,821.26791,3.58391,20.5317,0,0,0.67408,0
43.1,822.54447,3.59141,20.56361,0,0,0.67562,0
43.2,824.33904,3.59969,20.60848,0,0,0.67728,0
43.3,825.46277,3.60828,20.63657,0,0,0.67892,0
43.4,827.08104,3.61641,20.67703,0,0,0.68068,0
43.5,828.54563,3.62547,20.71364,0,0,0.68215,0
43.6,829.58397,3.63266,20.7396,0,0,0.68379,0
43.7,831.23986,3.64203,20781,0,0,0.68545,0
43.8,832.71628,3.64984,20.81791,0,0,0.68711,0
43.9,834.22791,3.65844,20.8557,0,0,0.68878,0
44,835.42457,3.66672,20.88561,0,0,0.69028,0
44.1,837.02551,3.67531,20.92564,0,0,0.69223,0
44.2,838.27619,3.68359,20.95691,0,0,0.69388,0
44.3,839.58963,3.69125,20.98974,0,0,0.69525,0
44.4,841.31602,3.70031,21.0329,0,0,0.69726,0
44.5,842.6317,3.70797,21.06579,0,0,0.69875,0
44.6,843.87539,3.71719,21.09689,0,0,0.70026,0
44.7,845.1621,3.72469,21.12905,0,0,0.70182,0
44.8,846.78503,3.73359,21.16963,0,0,0.70375,0
44.9,848.0099,3.74187,21.20025,0,0,0.70532,0
45,849.35781,3.74937,21.23395,0,0,0.70724,0
45.1,850.73467,3.75828,21.26837,0,0,0.70852,0
45.2,852.24556,3.76641,21.30614,0,0,0.71031,0
45.3,853.23993,3.77531,21331,0,0,0.71185,0
45.4,854.33004,3.78297,21.35825,0,0,0.71304,0
45.5,856.01332,3.79187,21.40033,0,0,0.71498,0
45.6,857.09784,3.79984,21.42745,0,0,0.7164,0
45.7,858.5359,3.80828,21.4634,0,0,0.71835,0
45.8,859.79123,3.81656,21.49478,0,0,0.71981,0
45.9,860.98397,3.82516,21.5246,0,0,0.72161,0
46,862.5607,3.83391,21.56402,0,0,0.72324,0
46.1,863.59903,3.84125,21.58998,0,0,0.72454,0
46.2,865.07853,3.85016,21.62696,0,0,0.72628,0
46.3,866.48287,3.85828,21.66207,0,0,0.72791,0
46.4,867.92,3.86687,21698,0,0,0.72989,0
46.5,868.90198,3875,21.72255,0,0,0.73138,0
46.6,870.3243,3.88328,21.75811,0,0,0.73349,0
46.7,871.55774,3.89172,21.78894,0,0,0.73496,0
46.8,872.85079,3.89969,21.82127,0,0,0.73681,0
46.9,874.15008,3.90828,21.85375,0,0,0.73838,0
47,875.48615,3.91656,21.88715,0,0,0.74001,0
47.1,876.70162,3.92547,21.91754,0,0,0.74186,0
47.2,877.76734,3.93312,21.94418,0,0,0.74329,0
47.3,879.4616,3.94187,21.98654,0,0,0.74519,0
47.4,880.35259,3.94984,22.00882,0,0,0.7467,0
47.5,881.88695,3.95797,22.04717,0,0,0.74852,0
47.6,883.10475,3.96656,22.07762,0,0,0.75007,0
47.7,884.32645,3.97469,22.10816,0,0,0.75171,0
47.8,885.51138,3.98406,22.13778,0,0,0.75375,0
47.9,886.57951,3.99156,22.16449,0,0,0.75524,0
48,888.1107,4.00031,22.20277,0,0,0.75707,0
48.1,889.16086,4.00828,22.22902,0,0,0.7588,0
48.2,890.71244,4.01656,22.26781,0,0,0.76035,0
48.3,891.39892,4.02484,22.28497,0,0,0.76188,0
48.4,892.98738,4.03328,22.32468,0,0,0.76394,0
48.5,894.06641,4.04172,22.35166,0,0,0.76535,0
48.6,895.09534,4.04937,22.37738,0,0,0.76706,0
48.7,896.78178,4.05875,22.41954,0,0,0.76876,0
48.8,897.58812,4.06625,22.4397,0,0,0.77038,0
48.9,899.08019,4.07531,22.47701,0,0,0.77241,0
49,899.8435,4.08312,22.49609,0,0,0.77394,0
49.1,901.4233,4.09187,22.53558,0,0,0.77571,0
49.2,902.34336,4.1,22.55858,0,0,0.77713,0
49.3,903.58779,4.10781,22.58969,0,0,0.77917,0
49.4,904.84163,4.11703,22.62104,0,0,0.78091,0
49.5,905.99824,4.12484,22.64996,0,0,0.78241,0
49.6,907.08835,4.13391,22.67721,0,0,0.78435,0
49.7,908.28575,4.14172,22.70714,0,0,0.78587,0
49.8,909.66495,4.15031,22.74162,0,0,0.78789,0
49.9,910.49485,4.15828,22.76237,0,0,0.78942,0
50,911.87013,4.16641,22.79675,0,0,0.79126,0
50.1,913.02525,4.17484,22.82563,0,0,0.79278,0
50.2,913.99848,4.18312,22.84996,0,0,0.7946,0
50.3,915.24143,4.19219,22.88103,0,0,0.79661,0
50.4,915.97959,4.19953,22.89949,0,0,0.79805,0
50.5,917.24675,4.20891,22.93117,0,0,0.79984,0
50.6,918.34459,4.21656,22.95861,0,0,0.80164,0
50.7,919.66586,4.22484,22.99165,0,0,0.80354,0
50.8,920.59057,4.23328,23.01476,0,0,0.80511,0
50.9,921.59994,4.24141,23.04,0,0,0.80667,0
51,922.75422,4.25047,23.06886,0,0,0.80848,0
51.1,923.68601,4.25766,23.09215,0,0,0.81021,0
51.2,924.97114,4.26703,23.12428,0,0,0.81204,0
51.3,925.93739,4.27484,23.14844,0,0,0.81384,0
51.4,927.14652,4.28359,23.17866,0,0,0.81588,0
51.5,927.94746,4.29156,23.19869,0,0,0.81729,0
51.6,929.25299,4.30031,23.23133,0,0,0.81934,0
51.7,930.21216,4.30844,23.2553,0,0,0.82065,0
51.8,931.13063,4.31609,23.27826,0,0,0.82256,0
51.9,932.07182,4.32531,23.3018,0,0,0.82422,0
52,932.97455,4.33312,23.32436,0,0,0.82565,0
52.1,933.8703,4.34219,23.34676,0,0,0.82756,0
52.2,934.82947,4.34969,23.37074,0,0,0.82916,0
52.3,935.94538,4.35859,23.39863,0,0,0.83117,0
52.4,936.92727,4.36687,23.42318,0,0,0.83273,0
52.5,937.89818,4.37453,23.44745,0,0,0.83481,0
52.6,938.78685,4.38328,23.46967,0,0,0.83634,0
52.7,939.64729,4.39141,23.49118,0,0,0.83835,0
52.8,940.62844,4.40031,23.51571,0,0,0.83996,0
52.9,941.4834,4.40797,23.53708,0,0,0.84162,0
53,942.76154,4.41687,23.56904,0,0,0.84373,0
53.1,943.64239,4.42484,23.59106,0,0,0.84533,0
53.2,944.81548,4.43328,23.62039,0,0,0.84716,0
53.3,945.56306,4.44156,23.63908,0,0,0.84902,0
53.4,946.46662,4.45016,23.66166,0,0,0.85084,0
53.5,947.51753,4.45891,23.68794,0,0,0.85263,0
53.6,948.1797,4.46625,23.70449,0,0,0.85429,0
53.7,949.2768,4.47531,23.73192,0,0,0.85625,0
53.8,949.89352,4.48328,23.74734,0,0,0.85805,0
53.9,951.13637,4.49187,23.77841,0,0,0.86,0
54,951.75467,4.5,23.79387,0,0,0.86157,0
54.1,952.7836,4.50828,23.81959,0,0,0.86329,0
54.2,953.6339,4.51672,23.84085,0,0,0.86516,0
54.3,954.29448,4.52469,23.85736,0,0,0.86706,0
54.4,955.56006,4.53312,23889,0,0,0.86866,0
54.5,956.33036,4.54156,23.90826,0,0,0.87069,0
54.6,957.07802,4.55047,23.92695,0,0,0.87278,0
54.7,957.76292,4.55812,23.94407,0,0,0.87421,0
54.8,958.81373,4.56687,23.97034,0,0,0.87624,0
54.9,959.49396,4.57484,23.98735,0,0,0.87807,0
55,960.63102,4.58297,24.01578,0,0,0.87983,0
55.1,961.27596,4.59172,24.0319,0,0,0.88181,0
55.2,962.27126,4.59984,24.05678,0,0,0.88365,0
55.3,963.03532,4.60906,24.07588,0,0,0.88546,0
55.4,963.47015,4.61656,24.08675,0,0,0.88718,0
55.5,964.62453,4.62531,24.11561,0,0,0.88918,0
55.6,965.20837,4.63312,24.13021,0,0,0.89086,0
55.7,966.20042,4.64156,24.15501,0,0,0.89305,0
55.8,966.89006,4.64984,24.17225,0,0,0.89468,0
55.9,967.57812,4.65828,24.18945,0,0,0.89659,0
56,968.28807,4.66687,24.2072,0,0,0.89844,0
56.1,969.0051,4.67453,24.22513,0,0,0.90025,0
56.2,969.84515,4.68375,24.24613,0,0,0.9021,0
56.3,970.56301,4.69125,24.26408,0,0,0.90382,0
56.4,971.26514,4.70031,24.28163,0,0,0.90592,0
56.5,971.8027,4.70812,24.29507,0,0,0.90777,0
56.6,972.89039,4.71687,24.32226,0,0,0.90983,0
56.7,973.26497,4725,24.33162,0,0,0.91154,0
56.8,973.87312,4.73266,24.34683,0,0,0.91352,0
56.9,974.91927,4.74187,24.37298,0,0,0.91537,0
57,975.6308,4.74984,24.39077,0,0,0.91715,0
57.1,976.31579,4.75891,24.40789,0,0,0.91913,0
57.2,976.75854,4.76672,24.41896,0,0,921,0
57.3,977.71296,4.77531,24.44282,0,0,0.92307,0
57.4,978.02095,4.78328,24.45052,0,0,0.92488,0
57.5,978.91353,4.79141,24.47284,0,0,0.9269,0
57.6,979.34455,4.8,24.48361,0,0,0.92895,0
57.7,980.08662,4.80797,24.50216,0,0,0.93072,0
57.8,980.75122,4.81719,24.51878,0,0,0.93252,0
57.9,981.27313,4.82453,24.53183,0,0,0.93431,0
58,982.06615,4.83391,24.55165,0,0,0.93623,0
58.1,982.53004,4.84156,24.56325,0,0,0.93834,0
58.2,983.31608,4.84984,24.5829,0,0,0.94034,0
58.3,983.66011,4.85828,24.5915,0,0,0.94209,0
58.4,984.34966,4.86641,24.60874,0,0,0.94421,0
58.5,985.04322,4.87547,24.62608,0,0,0.94622,0
58.6,985.19679,4.88266,24.62992,0,0,0.94781,0
58.7,986.08863,4.89203,24.65222,0,0,0.94998,0
58.8,986.50791,4.89984,24.6627,0,0,0.95194,0
58.9,987.1834,4.90859,24.67958,0,0,0.95406,0
59,987.57204,4.91672,24.6893,0,0,956,0
59.1,988.3306,4.92531,24.70827,0,0,0.95796,0
59.2,988.8839,4.93359,24.7221,0,0,0.95981,0
59.3,989.0696,4.94125,24.72674,0,0,0.96169,0
59.4,989.78356,4.95031,24.74459,0,0,0.96376,0
59.5,990.20516,4.95797,24.75513,0,0,0.96569,0
59.6,990.79525,4.96719,24.76988,0,0,0.96776,0
59.7,991.04755,4.97469,24.77619,0,0,0.9698,0
59.8,991.72695,4.98359,24.79317,0,0,0.9718,0
59.9,992.09137,4.99187,24.80228,0,0,0.9737,0
60,992.78176,4.99953,24.81954,0,0,0.97587,0
60.1,993.24491,5.00828,24.83112,0,0,0.97752,0
60.2,993.72994,5.01656,24.84325,0,0,0.97965,0
60.3,993.85222,5.02531,24.84631,0,0,0.98184,0
60.4,994.33651,5.03297,24.85841,0,0,0.98354,0
60.5,994.75337,5.04187,24.86883,0,0,0.98573,0
60.6,995.25889,5.04984,24.88147,0,0,0.98773,0
60.7,995.85522,5.05828,24.89638,0,0,0.99003,0
60.8,996.01038,5.06656,24.90026,0,0,0.99177,0
60.9,996.53462,5075,24.91337,0,0,0.99384,0
61,996.47818,5.08391,24.91195,0,0,0.99555,0
61.1,996.84261,5.09125,24.92106,0,0,0.99751,0
61.2,997.17174,5.10031,24.92929,0,0,0.99952,0
61.3,997.63805,5.10828,24.94095,0,0,1.00175,0
61.4,998.13873,5.11687,24.95347,0,0,1.00366,0
61.5,998.23363,5125,24.95584,0,0,1.00568,0
61.6,998.72882,5.13328,24.96822,0,0,1.00774,0
61.7,998.9867,5.14172,24.97467,0,0,1.00969,0
61.8,999.26256,5.14969,24.98156,0,0,1.01186,0
61.9,999.7719,5.15828,24.9943,0,0,1.01392,0
62,999.81111,5.16656,24.99528,0,0,1.01594,0
62.1,1000.49051,5.17547,25.01226,0,0,1.0181,0
62.2,1000.55318,5.18312,25.01383,0,0,1.02009,0
62.3,1001.07193,5.19187,25.0268,0,0,1.02238,0
62.4,1001.13228,5.19984,25.02831,0,0,1.02428,0
62.5,1001.53899,5.20797,25.03848,0,0,1.02652,0
62.6,1001.85322,5.21672,25.04633,0,0,1.02851,0
62.7,1001.96842,5.22484,25.04921,0,0,1.03056,0
62.8,1002.42533,5.23406,25.06063,0,0,1.03298,0
62.9,1002.54212,5.24156,25.06355,0,0,1.03489,0
63,1002.98328,5.25047,25.07458,0,0,1.03698,0
63.1,1003.34296,5.25812,25.08357,0,0,1.03888,0
63.2,1003.50678,5.26656,25.08767,0,0,1.04112,0
63.3,1003.46366,5.27484,25.08659,0,0,1.04304,0
63.4,1004.11018,5.28312,25.10275,0,0,1.04543,0
63.5,1004.02236,5.29172,25.10056,0,0,1.04741,0
63.6,1004.28881,5.29953,25.10722,0,0,1.04922,0
63.7,1004.76611,5.30875,25.11915,0,0,1.05173,0
63.8,1005.05129,5.31625,25.12628,0,0,1.05405,0
63.9,1005.17906,5.32531,25.12948,0,0,1.05591,0
64,1005.29743,5.33328,25.13244,0,0,1.05789,0
64.10001,1005.63513,5.34187,25.14088,0,0,1.06024,0
64.2,1005.59751,5.35,25.13994,0,0,1.06213,0
64.3,1005824,5.35781,25.1456,0,0,1.06449,0
64.4,1006.09828,5.36687,25.15246,0,0,1.06666,0
64.5,1006.23388,5.37469,25.15585,0,0,1.06885,0
64.60001,1006.40859,5.38391,25.16022,0,0,1.07083,0
64.7,1006.33102,5.39172,25.15828,0,0,1.07285,0
64.8,1006.93759,5.40031,25.17344,0,0,1.07527,0
64.9,1006.54103,5.40828,25.16353,0,0,1.0772,0
65,1006.97754,5.41625,25.17444,0,0,1.07952,0
65.10001,1007.1625,5.42484,25.17906,0,0,1.08166,0
65.2,1007.1625,5.43312,25.17906,0,0,1.08386,0
65.3,1007.42653,5.44219,25.18566,0,0,1.08576,0
65.4,1007.36618,5.44953,25.18415,0,0,1.08791,0
65.5,1007.74476,5.45891,25.19362,0,0,1.09024,0
65.60001,1007.7361,5.46641,25.1934,0,0,1.09223,0
65.70001,1007.86304,5.47469,25.19658,0,0,1.09465,0
65.8,1007.77838,5.48328,25.19446,0,0,1.09659,0
65.9,1008.08563,5.49141,25.20214,0,0,1.09892,0
66,1008.25801,5.50047,25.20645,0,0,1.10104,0
66.10001,1008.16945,5.50766,25.20424,0,0,1.10293,0
66.20001,1008.38495,5.51703,25.20962,0,0,1.10522,0
66.3,1008.45629,5.52484,25.21141,0,0,1.10743,0
66.4,1008.54011,5.53344,25.2135,0,0,1.10974,0
66.5,1008.60437,5.54172,25.21511,0,0,1.11167,0
66.60001,1009.09574,5.55031,25.22739,0,0,1.11434,0
66.70001,1008.75329,5.55859,25.21883,0,0,1.11611,0
66.8,1008.86375,5.56609,25.22159,0,0,1.11825,0
66.9,1009.13411,5.57531,25.22835,0,0,1.12032,0
67,1009.16708,5.58312,25.22918,0,0,1.12264,0
67.10001,1009.05346,5.59219,25.22634,0,0,1.12475,0
67.20001,1009.02524,5.59969,25.22563,0,0,1.1268,0
67.3,1009.17881,5.60859,25.22947,0,0,1.12907,0
67.4,1009.32065,5.61687,25.23302,0,0,1.13133,0
67.5,1009.33788,5.62453,25.23345,0,0,1.13357,0
67.60001,1009.16,5.63328,25229,0,0,1.13548,0
67.70001,1009.22035,5.64141,25.23051,0,0,1.13766,0
67.8,1009.47581,5.65031,25.23689,0,0,1.13997,0
67.9,1009.64895,5.65797,25.24122,0,0,1.14192,0
68,1009.62706,5.66687,25.24068,0,0,1.14433,0
68.10001,1009.65835,5.67484,25.24146,0,0,1.14643,0
68.20001,1009.76266,5.68328,25.24407,0,0,1.14865,0
68.3,1009.94594,5.69156,25.24865,0,0,1.15072,0
68.4,1009.79237,5.70016,25.24481,0,0,1.15296,0
68.5,1010.00872,5.70906,25.25022,0,0,1.15525,0
68.60001,1009.77747,5.71609,25.24444,0,0,1.1573,0
68.70001,1010.02203,5.72531,25.25055,0,0,1.1595,0
68.8,1009.95619,5.73328,25.24891,0,0,1.16195,0
68.9,1010.14813,5.74187,25.2537,0,0,1.16387,0
69,1010.11526,5.75,25.25288,0,0,1.16601,0
69.10001,1010.19051,5.75828,25.25476,0,0,1.16844,0
69.20001,1010.11051,5.76672,25.25276,0,0,1.17028,0
69.3,1010.17402,5.77469,25.25435,0,0,1.17262,0
69.4,1010.20932,5.78328,25.25523,0,0,1.17471,0
69.5,1010.05565,5.79156,25.25139,0,0,1.1769,0
69.60001,1010.36215,5.80047,25.25905,0,0,1.17915,0
69.70001,1010.09719,5.80812,25.25243,0,0,1.18118,0
69.8,1010.30963,5.81687,25.25774,0,0,1.18358,0
69.9,1010.16546,5.82484,25.25414,0,0,1.18558,0
70,1010.4428,5.83297,25.26107,0,0,1.18816,0
70.10001,1010348,5.84172,25.2587,0,0,1.19016,0
70.20001,1010.44904,5.84969,25.26123,0,0,1.19223,0
70.3,1010.50157,5.85906,25.26254,0,0,1.19445,0
70.4,1010.42092,5.86656,25.26052,0,0,1.19689,0
70.5,1010.43889,5.87531,25.26097,0,0,1.19879,0
70.60001,1010.4836,5.88328,25.26209,0,0,1.2011,0
70.70001,1010.66539,5.89156,25.26663,0,0,1.20344,0
70.8,1010.60346,5.89984,25.26509,0,0,1.2055,0
70.9,1010.58157,5.90828,25.26454,0,0,1.2078,0
71,1010.54003,5.91672,25.2635,0,0,1.20977,0
71.10001,1010.59331,5.92453,25.26483,0,0,1.21189,0
71.20001,1010.7304,5.93391,25.26826,0,0,1.21439,0
71.3,1010.49691,5.94141,25.26242,0,0,1.21638,0
71.4,1010.77743,5.95031,25.26944,0,0,1.21864,0
71.5,1010.55643,5.95812,25.26391,0,0,1.22087,0
71.60001,1010.73198,5.96687,25.2683,0,0,1.22311,0
71.70001,1010.68029,5975,25.26701,0,0,1.22525,0
71.8,1010.76486,5.98266,25.26912,0,0,1.2275,0
71.9,1010.97729,5.99187,25.27443,0,0,1.22966,0
72,1010.9161,5.99984,25.2729,0,0,1.23203,0
72.10001,1010.86525,6.00891,25.27163,0,0,1.23439,0
72.20001,1010.74921,6.01672,25.26873,0,0,1.23666,0
72.3,1011.14735,6.02547,25.27868,0,0,1.23858,0
72.4,1010.92942,6.03328,25.27324,0,0,1.24086,0
72.5,1010.98586,6.04125,25.27465,0,0,1.24315,0
72.60001,1010.96556,6.05,25.27414,0,0,1.24528,0
72.70001,1010.84011,6.05812,25271,0,0,1.24737,0
72.8,1010.79782,6.06719,25.26995,0,0,1.24967,0
72.9,1010.69277,6.07437,25.26732,0,0,1.25178,0
73,1010.9867,6.08391,25.27467,0,0,1.25429,0
73.10001,1010.94358,6.09141,25.27359,0,0,1.2564,0
73.20001,1011.08467,6.09984,25.27712,0,0,1.25873,0
73.3,1011.08542,6.10828,25.27714,0,0,1.26086,0
73.4,1011.2633,6.11641,25.28158,0,0,1.26302,0
73.5,1011.27662,6.12547,25.28192,0,0,1.2654,0
73.60001,1010.8456,6.13266,25.27114,0,0,1.26752,0
73.70001,1011.20453,6.14203,25.28011,0,0,1.26976,0
73.8,1011228,6.14984,25.2807,0,0,1.2719,0
73.9,1011.29776,6.15844,25.28244,0,0,1.27434,0
74,1011.08309,6.16656,25.27708,0,0,1.27634,0
74.10001,1011.54856,6.17531,25.28871,0,0,1.27868,0
74.20001,1011.35261,6.18344,25.28382,0,0,1.28099,0
74.3,1011.44193,6.19109,25.28605,0,0,1.28322,0
74.4,1011.60575,6.20031,25.29014,0,0,1.28534,0
74.5,1011.34162,6.20812,25.28354,0,0,1.28755,0
74.60001,1011.68333,6.21719,25.29208,0,0,1.28996,0
74.70001,1011.35578,6.22469,25.28389,0,0,1.29211,0
74.8,1011.62223,6.23359,25.29056,0,0,1.29438,0
74.9,1011.68957,6.24187,25.29224,0,0,1.2966,0
75,1011.68565,6.24937,25.29214,0,0,1.29882,0
75.10001,1011.62065,6.25828,25.29052,0,0,1.30098,0
75.20001,1011.64337,6.26641,25.29108,0,0,1.30315,0
75.3,1011.63713,6.27531,25.29093,0,0,1.30535,0
75.4,1011.48039,6.28297,25.28701,0,0,1.30754,0
75.5,1011.46623,6.29187,25.28666,0,0,1.31003,0
75.60001,1011.46623,6.29984,25.28666,0,0,1.31206,0
75.70001,1011.8816,6.30812,25.29704,0,0,1.31426,0
75.8,1011.68957,6.31656,25.29224,0,0,1.31625,0
75.9,1011.74833,6325,25.29371,0,0,1.31875,0
76,1011.71779,6.33406,25.29294,0,0,1.32109,0
76.10001,1011.88393,6.34125,25.2971,0,0,1.32306,0
76.20001,1011.87145,6.35031,25.29679,0,0,1.32555,0
76.3,1011.80244,6.35828,25.29506,0,0,1.32765,0
76.4,1011.90591,6.36687,25.29765,0,0,1.33015,0
76.5,1011.83532,6375,25.29588,0,0,1.33213,0
76.60001,1011.96785,6.38328,25.2992,0,0,1.33458,0
76.70001,1012.00072,6.39172,25.30002,0,0,1.33674,0
76.8,1011.91057,6.39969,25.29776,0,0,1.33915,0
76.9,1011.92156,6.40828,25.29804,0,0,1.3412,0
77,1012.02345,6.41641,25.30059,0,0,1.34352,0
77.10001,1012275,6.42547,25.30688,0,0,1.3457,0
77.20001,1011.98032,6.43312,25.29951,0,0,1.34775,0
77.3,1012.19425,6.44172,25.30486,0,0,1.35014,0
77.4,1012.17935,6.44984,25.30448,0,0,1.35235,0
77.5,1012.10568,6.45797,25.30264,0,0,1.35473,0
77.60001,1012.20598,6.46672,25.30515,0,0,1.35698,0
77.70001,1012.27574,6.47484,25.30689,0,0,1.35915,0
77.8,1012.19267,6.48406,25.30482,0,0,1.36157,0
77.9,1012.12375,6.49156,25.30309,0,0,1.36349,0
78,1012.31262,6.50031,25.30782,0,0,1.3659,0
78.10001,1012.2844,6.50828,25.30711,0,0,1.36795,0
78.20001,1012.73581,6.51656,25.3184,0,0,1.37043,0
78.3,1012.32668,6.52484,25.30817,0,0,1.37251,0
78.4,1012.30638,6.53328,25.30766,0,0,1.37503,0
78.5,1012.42391,6.54172,25.3106,0,0,1.37687,0
78.60001,1012.32203,6.54953,25.30805,0,0,1.37907,0
78.70001,1012.62135,6.55891,25.31553,0,0,1.3818,0
78.8,1012.46852,6.56625,25.31171,0,0,1.38378,0
78.9,1012.51872,6.57531,25.31297,0,0,1.38611,0
79,1012.4106,6.58312,25.31026,0,0,1.38836,0
79.10001,1012.46852,6.59187,25.31171,0,0,1.39068,0
79.20001,1012.45213,6.6,25.3113,0,0,1.39274,0
79.3,1012.49283,6.60781,25.31232,0,0,1.39498,0
79.4,1012.66289,6.61687,25.31657,0,0,1.39731,0
79.5,1012.76943,6.62484,25.31924,0,0,1.3996,0
79.60001,1012.73581,6.63391,25.3184,0,0,1.40165,0
79.70001,1012.74205,6.64156,25.31855,0,0,1.40397,0
79.8,1012.75221,6.65031,25.31881,0,0,1.40662,0
79.9,1012.5665,6.65828,25.31416,0,0,1.40857,0
80,1012.96222,6.66641,25.32405,0,0,1.41087,0
80.10001,1012.68329,6675,25.31708,0,0,1.41304,0
80.20001,1012.82196,6.68312,25.32055,0,0,1.41524,0
80.3,1012.98494,6.69219,25.32462,0,0,1.41771,0
80.4,1012.80399,6.69953,25.3201,0,0,1.41978,0
80.50001,1013.19887,6.70891,25.32997,0,0,1.42247,0
80.60001,1012.79765,6.71656,25.31994,0,0,1.42436,0
80.70001,1012.85493,6.72469,25.32137,0,0,1.42663,0
80.8,1013.04064,6.73328,25.32602,0,0,1.42883,0
80.9,1013.03197,6.74141,25.3258,0,0,1.43114,0
81.00001,1012.76711,6.75047,25.31918,0,0,1.4334,0
81.10001,1012.99277,6.75766,25.32482,0,0,1.43566,0
81.20001,1012.9991,6.76703,25.32498,0,0,1.43819,0
81.3,1013.09232,6.77484,25.32731,0,0,1.44018,0
81.4,1013.29219,6.78359,25.3323,0,0,1.44267,0
81.50001,1013.23808,6.79172,25.33095,0,0,1.44465,0
81.60001,1013231,6.80031,25.33077,0,0,1.44731,0
81.70001,1013.09782,6.80859,25.32745,0,0,1.44931,0
81.8,1013.12529,6.81609,25.32813,0,0,1.45156,0
81.9,1013.18872,6.82531,25.32972,0,0,1.45378,0
82.00001,1013.21228,6.83312,25.33031,0,0,1.45612,0
82.10001,1013.43244,6.84219,25.33581,0,0,1.45852,0
82.20001,1012.99128,6.84969,25.32478,0,0,1.46064,0
82.3,1013.33372,6.85844,25.33334,0,0,1.46309,0
82.4,1013.18555,6.86687,25.32964,0,0,1.46521,0
82.50001,1013.40897,6.87453,25.33522,0,0,1.46762,0
82.60001,1013.22317,6.88328,25.33058,0,0,1.4699,0
82.70001,1013.36893,6.89141,25.33422,0,0,1.47189,0
82.8,1013.4168,6.90047,25.33542,0,0,1.47432,0
82.9,1013.2961,6.90812,25.3324,0,0,1.47645,0
83.00001,1013.42695,6.91687,25.33567,0,0,1.47902,0
83.10001,1013.43086,6.92484,25.33577,0,0,1.48106,0
83.20001,1013.59934,6.93312,25.33998,0,0,1.48352,0
83.3,1013.3517,6.94156,25.33379,0,0,1.4857,0
83.4,1013.63538,6.95,25.34089,0,0,1.48798,0
83.50001,1013.47556,6.95906,25.33689,0,0,1.49033,0
83.60001,1013.2757,6.96625,25.33189,0,0,1.49229,0
83.70001,1013.45591,6.97516,25.3364,0,0,1.49468,0
83.8,1013.51235,6.98328,25.33781,0,0,1.49696,0
83.9,1013.73261,6.99187,25.34332,0,0,1.49929,0
84.00001,1013.45675,7,25.33642,0,0,1.50144,0
84.10001,1013829,7.00828,25.34572,0,0,1.50415,0
84.20001,1013.63696,7.01672,25.34092,0,0,1.50605,0
84.3,1013.45591,7.02469,25.3364,0,0,1.5084,0
84.4,1013.54681,7.03312,25.33867,0,0,1.51067,0
84.50001,1013.81093,7.04156,25.34527,0,0,1.51299,0
84.60001,1013.89633,7.05047,25.34741,0,0,1.51539,0
84.70001,1013.42071,7.05812,25.33552,0,0,1.51738,0
84.8,1013.77489,7.06687,25.34437,0,0,1.51997,0
84.9,1013.66835,7.07484,25.34171,0,0,1.52208,0
85.00001,1013.61265,7.08297,25.34032,0,0,1.52452,0
85.10001,1013.6229,7.09172,25.34057,0,0,1.52679,0
85.20001,1013.69498,7.09969,25.34237,0,0,1.52892,0
85.3,1013.9199,7.10906,25348,0,0,1.53143,0
85.4,1013.8642,7.11656,25.34661,0,0,1.53339,0
85.50001,1014.02178,7.12531,25.35054,0,0,1.53562,0
85.60001,1013.69182,7.13312,25.34229,0,0,1.53799,0
85.70001,1013.69182,7.14156,25.34229,0,0,1.54032,0
85.8,1013.75608,7.15,25.3439,0,0,1.5425,0
85.9,1014.1667,7.15828,25.35417,0,0,1.5451,0
86.00001,1013.80078,7.16672,25.34502,0,0,1547,0
86.10001,1013.69964,7.17453,25.34249,0,0,1.54945,0
86.20001,1013.81484,7.18375,25.34537,0,0,1.55163,0
86.3,1013.77806,7.19125,25.34445,0,0,1.55385,0
86.4,1014.07422,7.20031,25.35186,0,0,1.55632,0
86.50001,1013.77722,7.20812,25.34443,0,0,1.55835,0
86.60001,1013.81168,7.21687,25.34529,0,0,1.56096,0
86.70001,1013.66593,7225,25.34165,0,0,1.56312,0
86.8,1014.05699,7.23266,25.35143,0,0,1.56522,0
86.9,1013.96376,7.24187,25.34909,0,0,1.56764,0
87.00001,1014.17061,7.24984,25.35427,0,0,1.56982,0
87.10001,1014.0962,7.25891,25.35241,0,0,1.57219,0
87.20001,1013.86812,7.26656,25.3467,0,0,1.57451,0
87.3,1014.11268,7.27547,25.35282,0,0,1.57698,0
87.4,1014.04916,7.28328,25.35123,0,0,1.57913,0
87.50001,1014.22155,7.29141,25.35554,0,0,1.58148,0
87.60001,1014.20982,7.29984,25.35525,0,0,1.5835,0
87.70001,1014.03976,7.30812,25.35099,0,0,1.58606,0
87.8,1014.01629,7.31719,25.35041,0,0,1.58832,0
87.9,1014.11343,7.32453,25.35284,0,0,1.5904,0
88.00001,1014.12125,7.33391,25.35303,0,0,1.59291,0
88.10001,1014.11734,7.34156,25.35293,0,0,1.59525,0
88.20001,1014.12358,7.34969,25.35309,0,0,1.59767,0
88.3,1013.98882,7.35828,25.34972,0,0,1.59976,0
88.4,1014.13773,7.36641,25.35344,0,0,1.60203,0
88.50001,1014.21606,7.37547,25.3554,0,0,1.60423,0
88.60001,1013.99822,7.38266,25.34995,0,0,1.60661,0
88.70001,1014.14323,7.39203,25.35358,0,0,1.60894,0
88.8,1014.02877,7.39984,25.35072,0,0,1.61123,0
88.9,1014.13382,7.40844,25.35335,0,0,1.61368,0
89.00001,1013.9144,7.41656,25.34786,0,0,1.61562,0
89.10001,1014.27091,7.42531,25.35677,0,0,1.61818,0
89.20001,1014.23254,7.43359,25.35581,0,0,1.62057,0
89.3,1014.18942,7.44109,25.35474,0,0,1.62268,0
89.4,1014.25601,7.45031,25.3564,0,0,1.62499,0
89.50001,1014.11967,7.45812,25.35299,0,0,1.62737,0
89.60001,1014.22155,7.46719,25.35554,0,0,1.62977,0
89.70001,1013.99356,7.47469,25.34984,0,0,1.63184,0
89.8,1014.20358,7.48344,25.35509,0,0,1.63424,0
89.9,1014.22081,7.49187,25.35552,0,0,1.63645,0
90.00001,1014.11892,7.49953,25.35297,0,0,1.63904,0
90.10001,1014.21298,7.50828,25.35532,0,0,1.64114,0
90.20001,1014.09694,7.51641,25.35242,0,0,1.6433,0
90.3,1013.95901,7.52531,25.34898,0,0,1.6457,0
90.4,1014.19333,7.53312,25.35483,0,0,1.64792,0
90.50001,1013.97941,7.54187,25.34949,0,0,1.65037,0
90.60001,1013.99906,7.54984,25.34998,0,0,1.65249,0
90.70001,1014.40651,7.55828,25.36016,0,0,1.65486,0
90.8,1014.08837,7.56656,25.35221,0,0,1.6572,0
90.9,1014.24512,7575,25.35613,0,0,1.65957,0
91.00001,1014.04916,7.58406,25.35123,0,0,1.66178,0
91.10001,1014.03818,7.59125,25.35095,0,0,1.66395,0
91.20001,1014.12907,7.60016,25.35323,0,0,1.66659,0
91.3,1014.08754,7.60828,25.35219,0,0,1.66869,0
91.4,1014.1612,7.61687,25.35403,0,0,1.67102,0
91.50001,1014.00446,7625,25.35011,0,0,1.67338,0
91.60001,1013.99506,7.63328,25.34988,0,0,1.67558,0
91.70001,1014.16511,7.64172,25.35413,0,0,1.67808,0
91.8,1014.27482,7.64953,25.35687,0,0,1.68025,0
91.9,1014.07506,7.65812,25.35188,0,0,1.68248,0
92.00001,1013.89401,7.66656,25.34735,0,0,1.68492,0
92.10001,1014.14397,7.67547,25.3536,0,0,1.68745,0
92.20001,1013.87203,7.68312,25.3468,0,0,1.68922,0
92.3,1013.94178,7.69187,25.34855,0,0,1.69147,0
92.4,1013.52492,7.69984,25.33812,0,0,1.6935,0
92.50001,1013.82034,7.70797,25.34551,0,0,1.69581,0
92.60001,1013.62914,7.71672,25.34073,0,0,1.69805,0
92.70001,1013.70281,7.72484,25.34257,0,0,1.70054,0
92.8,1013.85871,7.73406,25.34647,0,0,1.70251,0
92.9,1013.57978,7.74156,25.33949,0,0,1.70493,0
93.00001,1013.74509,7.75031,25.34363,0,0,1.70739,0
93.10001,1013.70048,7.75828,25.34251,0,0,1.70991,0
93.20001,1013.81484,7.76656,25.34537,0,0,1.71215,0
93.3,1013.53275,7775,25.33832,0,0,1.71428,0
93.4,1013.63622,7.78328,25.34091,0,0,1.71647,0
93.50001,1013.53899,7.79172,25.33847,0,0,1.71881,0
93.60001,1013.51785,7.79937,25.33795,0,0,1.72119,0
93.70001,1013.61815,7.80875,25.34045,0,0,1.72349,0
93.8,1013.49279,7.8164,25.33732,0,0,1.72555,0
93.9,1013.67226,7.82531,25.34181,0,0,1.7281,0
94.00001,1013.39715,7.83328,25.33493,0,0,1.73038,0
94.10001,1013.44418,7.84187,25.33611,0,0,1.73284,0
94.20001,1013.50844,7.85,25.33771,0,0,1.73512,0
94.3,1013.59384,7.85781,25.33985,0,0,1.73736,0
94.4,1013.64795,7.86687,25.3412,0,0,1.73965,0
94.50001,1013.61424,7.87484,25.34036,0,0,1.74194,0
94.60001,1013.66052,7.8839,25.34151,0,0,1.74432,0
94.70001,1013.47715,7.89172,25.33693,0,0,1.74649,0
94.8,1013.52101,7.90031,25.33803,0,0,1.74902,0
94.9,1013.28902,7.90828,25.33223,0,0,1.75109,0
95.00001,1013.66835,7.9164,25.34171,0,0,1.75353,0
95.10001,1013.56171,7925,25.33904,0,0,1.75575,0
95.20001,1013.39798,7.93312,25.33495,0,0,1.75834,0
95.3,1013.31798,7.94219,25.33295,0,0,1.76043,0
95.4,1013.3611,7.94953,25.33403,0,0,1.76276,0
95.50001,1013.3462,7.9589,25.33365,0,0,1.76505,0
95.60001,1013.28436,7.9664,25.33211,0,0,1.76729,0
95.70001,1013.34471,7.97469,25.33362,0,0,1.76991,0
95.8,1013.25689,7.98328,25.33142,0,0,1.77188,0
95.9,1013.33605,7.9914,25.3334,0,0,1.77446,0
96.00001,1013.33288,8.00047,25.33332,0,0,1.77675,0
96.10001,1013.44418,8.00766,25.33611,0,0,1.77887,0
96.20001,1013.15742,8.01703,25.32894,0,0,1.78107,0
96.3,1013.19496,8.02484,25.32987,0,0,1.78361,0
96.4,1013.29917,8.03344,25.33248,0,0,1.78606,0
96.50001,1013.12371,8.04172,25.32809,0,0,1.78807,0
96.60001,1013.29843,8.05031,25.33246,0,0,1.79074,0
96.70001,1013.18797,8.05859,25.3297,0,0,1.79293,0
96.8,1013.15742,8.06609,25.32894,0,0,1.79517,0
96.9,1013.10173,8.07531,25.32754,0,0,1.79764,0
97.00001,1013.05079,8.08297,25.32627,0,0,1.79971,0
97.10001,1013.1049,8.09219,25.32762,0,0,1.80219,0
97.20001,1012.97712,8.09969,25.32443,0,0,1.80422,0
97.3,1013.09782,8.10844,25.32745,0,0,1.80667,0
97.4,1013.04371,8.11687,25.32609,0,0,1.80882,0
97.50001,1012.93717,8.12453,25.32343,0,0,1.81143,0
97.60001,1012.85176,8.13328,25.32129,0,0,1.81363,0
97.70001,1012.88855,8.14141,25.32221,0,0,1.81609,0
97.8,1012.86434,8.15031,25.32161,0,0,1.81843,0
97.9,1012.46228,8.15797,25.31156,0,0,1.82062,0
98.00001,1012.55868,8.16687,25.31397,0,0,1.82292,0
98.10001,1012.64641,8.17484,25.31616,0,0,1.82529,0
98.20001,1012.78434,8.18312,25.31961,0,0,1.82745,0
98.3,1012.31886,8.19141,25.30797,0,0,1.82979,0
98.4,1012.58531,8.20015,25.31463,0,0,1.83208,0
98.50001,1012.58373,8.20906,25.31459,0,0,1.83453,0
98.60001,1012.50382,8.21625,25.3126,0,0,1.83666,0
98.70001,1012.29222,8.22531,25.30731,0,0,1.83914,0
98.8,1012.52263,8.23328,25.31307,0,0,1.84137,0
98.9,1012.42233,8.24187,25.31056,0,0,1.84382,0
99.00001,1012.44822,8.25,25.3112,0,0,1.84594,0
99.10001,1012.45837,8.25828,25.31146,0,0,1.84852,0
99.20001,1012.10726,8.26672,25.30268,0,0,1.85071,0
99.3,1011.92314,8.27469,25.29808,0,0,1.85309,0
99.4,1012.07281,8.28312,25.30182,0,0,1.85528,0
99.50001,1012.17935,8.2914,25.30448,0,0,1.85738,0
99.60001,1012.01246,8.30047,25.30031,0,0,1.85995,0
99.70001,1011.78912,8.30812,25.29473,0,0,1.86233,0
99.8,1011.92705,8.31687,25.29818,0,0,1.86435,0
99.9,1011.96542,8.32484,25.29914,0,0,1.86681,0
100.00001,1011.7868,8.33297,25.29467,0,0,1.86926,0
100.10001,1011.60891,8.34172,25.29022,0,0,1.87155,0
100.20001,1011.52658,8.34969,25.28816,0,0,1.87365,0
100.3,1011.61199,8.35906,25.2903,0,0,1.87626,0
100.4,1011.54624,8.36656,25.28866,0,0,1.87832,0
100.50001,1011.69432,8.37547,25.29236,0,0,1.88062,0
100.60001,1011.17473,8.38328,25.27937,0,0,1.88319,0
100.70001,1011.48197,8.39156,25.28705,0,0,1.8855,0
100.8,1011.36435,8.4,25.28411,0,0,1.88753,0
100.9,1011.3542,8.40828,25.28386,0,0,1.89024,0
101.00001,1011.10423,8.41672,25.27761,0,0,1.89215,0
101.10001,1011.07918,8.42453,25.27698,0,0,1.89441,0
101.20001,1011.04388,8.43375,25.2761,0,0,1.89697,0
101.3,1010.83778,8.44125,25.27094,0,0,1.89905,0
101.4,1011.09948,8.45031,25.27749,0,0,1.90165,0
101.50001,1010.87149,8.45812,25.27179,0,0,1.90366,0
101.60001,1010.81505,8.46687,25.27038,0,0,1.90614,0
101.70001,1010.56192,8475,25.26405,0,0,1.9083,0
101.8,1010.46478,8.48265,25.26162,0,0,1.91053,0
101.9,1010.60821,8.49203,25.26521,0,0,1.91276,0
102.00001,1010.4483,8.49984,25.26121,0,0,1.91514,0
102.10001,1010.56276,8.50875,25.26407,0,0,1.91753,0
102.20001,1010.23903,8.51672,25.25598,0,0,1.91954,0
102.3,1010.24695,8.52547,25.25617,0,0,1.92226,0
102.4,1010.23437,8.53328,25.25586,0,0,1.92432,0
102.50001,1010.45379,8.5414,25.26134,0,0,1.92677,0
102.60001,1009.98282,8.54984,25.24957,0,0,1.9287,0
102.70001,1010.05808,8.55812,25.25145,0,0,1.93126,0
102.8,1009.87628,8.56719,25.24691,0,0,1.93375,0
102.9,1009.46017,8.57453,25.2365,0,0,1.93568,0
103.00001,1009.67642,8.5839,25.24191,0,0,1.93814,0
103.10001,1009.46017,8.59156,25.2365,0,0,1.94047,0
103.20001,1009.52834,8.59969,25.23821,0,0,1.94283,0
103.3,1009.31749,8.60828,25.23294,0,0,1.94501,0
103.4,1009301,8.6164,25.23252,0,0,1.94726,0
103.50001,1009.2658,8.62547,25.23165,0,0,1.94959,0
103.60001,1008.97895,8.6325,25.22447,0,0,1.95188,0
103.70001,1008.98603,8.64203,25.22465,0,0,1.95425,0
103.8,1008.97979,8.64984,25.22449,0,0,1.95649,0
103.9,1008.96172,8.65844,25.22404,0,0,1.9588,0
104.00001,1008.72032,8.66656,25.21801,0,0,1.96098,0
104.10001,1008.49941,8.67531,25.21249,0,0,1.96336,0
104.20001,1008.43906,8.68359,25.21098,0,0,1.96561,0
104.3,1008.2094,8.69109,25.20523,0,0,1.96758,0
104.4,1008.26034,8.70031,25.20651,0,0,1.9701,0
104.50001,1007.99156,8.70812,25.19979,0,0,1.97229,0
104.60001,1008.07305,8.71719,25.20183,0,0,1.97462,0
104.70001,1007.6452,8.72484,25.19113,0,0,1.97657,0
104.8,1007.75808,8.73359,25.19395,0,0,1.97913,0
104.9,1007.66476,8.74172,25.19162,0,0,1.98125,0
105.00001,1007.49237,8.74937,25.18731,0,0,1.98354,0
105.10001,1007.50728,8.75828,25.18768,0,0,1.98557,0
105.20001,1007.10997,8.7664,25.17775,0,0,1.98804,0
105.3,1007.07943,8.77547,25.17698,0,0,1.99021,0
105.4,1006.79882,8.78312,25.16997,0,0,1.99236,0
105.50001,1006.77926,8.79187,25.16948,0,0,1.99469,0
105.60001,1006.61078,8.79984,25.16527,0,0,1.99678,0
105.70001,1006.69386,8.80828,25.16735,0,0,1.99948,0
105.8,1006.0654,8.81656,25.15163,0,0,2.00129,0
105.9,1006.30671,8.82516,25.15767,0,0,2.00373,0
106.00001,1006197,8.83406,25.15492,0,0,2.00591,0
106.10001,1005.94312,8.84125,25.14858,0,0,2.00787,0
106.20001,1005.51136,8.85031,25.13778,0,0,2.0102,0
106.3,1005.41255,8.85828,25.13531,0,0,2.0125,0
106.4,1005.45567,8.86687,25.13639,0,0,2.01482,0
106.50001,1005.02856,8875,25.12571,0,0,2.0169,0
106.60001,1004.90246,8.88328,25.12256,0,0,2.01923,0
106.70001,1004.6266,8.89187,25.11567,0,0,2.02131,0
106.8,1004.55917,8.89969,25.11398,0,0,2.02351,0
106.9,1004.36332,8.90812,25.10908,0,0,2.02568,0
107.00001,1004.08429,8.9164,25.10211,0,0,2.02783,0
107.10001,1003.94953,8.92547,25.09874,0,0,2.02994,0
107.20001,1003.45816,8.93312,25.08645,0,0,2.03178,0
107.3,1003.38766,8.94172,25.08469,0,0,2034,0
107.4,1002.9613,8.94984,25.07403,0,0,2.03613,0
107.50001,1002.67455,8.95797,25.06686,0,0,2.03816,0
107.60001,1002.51855,8.96672,25.06296,0,0,2.04039,0
107.70001,1002.17219,8.97469,25.0543,0,0,2.0422,0
107.8,1001.7545,8.98406,25.04386,0,0,2.04415,0
107.9,1001.40423,8.99156,25.0351,0,0,2.04595,0
108.00001,1001.08376,9.00047,25.02709,0,0,2.04806,0
108.10001,1000.52813,9.00828,25.0132,0,0,2.04987,0
108.20001,1000.13083,9.01656,25.00327,0,0,2.05179,0
108.3,999681,9.02484,24.99203,0,0,2.05335,0
108.4,999.05096,9.03328,24.97627,0,0,2.05499,0
108.50001,998.31512,9.04172,24.95788,0,0,2.05668,0
108.60001,997.62939,9.04953,24.94073,0,0,2.05781,0
108.70001,996.85984,9.05875,24.9215,0,0,2.05906,0
108.8,995.67734,9.06625,24.89193,0,0,2.05991,0
108.9,994.4791,9.07531,24.86198,0,0,2.06076,0
109.00001,992.85459,9.08312,24.82137,0,0,2.06081,0
109.10001,990.62826,9.09187,24.76571,0,0,2.0604,0
109.20001,986.15363,9.1,24.65384,0,0,2.05539,0
109.3,784.8761,9.10797,19.6219,0,0,2.1526,0
109.32401,186.84331,9.11078,4.67108,0,0,2.6109,0
