hip1x,hip1y,hip1z,hip2x,hip2y,hip2z,hip3x,hip3y,hip3z,hip4x,hip4y,hip4z,lkneex,lkneey,lkneez,lankx,lanky,lankz,rkneex,rkneey,rkneez,rankx,ranky,rankz
212.261108,1573.258667,890.22345,6.671754,1589.141113,886.835022,162.722412,1361.780762,893.142822,-12.780403,1399.376831,871.90918,210.89827,1343.092896,455.067474,177.529678,1373.838135,99.51532,-31.761415,1460.797974,413.491241,-1.025062,1785.993896,201.657349
213.190231,1561.989014,891.802002,7.683074,1578.115845,886.569397,163.560013,1350.325073,894.38916,-12.163408,1388.203369,873.648926,211.471161,1336.41687,455.156494,177.573776,1373.695313,99.61657,-32.460735,1438.91272,414.247162,-1.682039,1765.965454,205.77626
213.942764,1551.080566,893.27356,8.503613,1567.041382,886.701599,164.302612,1339.169067,895.842163,-11.288996,1377.03894,875.612488,212.044235,1331.315308,454.595154,177.913712,1373.1073,99.472466,-33.231411,1417.19165,415.64621,-5.736759,1748.651733,212.35376
214.526123,1540.400513,894.541077,9.138594,1555.911011,887.297241,165.265656,1328.346313,897.447449,-10.192315,1365.93396,877.76593,212.610855,1326.37793,454.009308,178.498917,1372.16748,99.139458,-34.097553,1395.800781,417.880463,-2.840285,1723.260986,210.349838
214.9758,1529.964966,895.629028,9.570448,1544.856323,888.371521,166.622253,1317.645752,898.765747,-8.921255,1354.955933,880.057922,213.283752,1321.624878,453.380249,179.083405,1371.377075,98.869194,-34.741207,1374.824219,420.697113,-3.359927,1700.918213,210.802887
215.261032,1519.749146,896.54718,9.813882,1533.859253,889.838501,168.485062,1307.124268,900.171509,-7.515155,1343.942017,882.44812,213.908646,1317.301636,452.698395,179.399994,1370.918213,98.838478,-35.30307,1354.204834,423.737274,-3.927491,1678.116943,210.119553
215.364822,1509.741943,897.288818,9.816995,1522.772583,891.454773,170.775192,1296.630249,900.76532,-5.876866,1332.830078,884.835205,214.617203,1313.463867,452.067474,179.463379,1370.665649,98.991333,-35.610107,1333.811035,426.888153,-4.989968,1655.355347,208.482849
215.292068,1499.946533,897.887329,9.650201,1511.777954,893.055969,172.927353,1286.454956,901.630737,-4.071771,1321.646606,887.088257,215.281754,1310.032349,451.406311,179.396698,1370.39856,99.179291,-35.633602,1313.741089,430.064484,-6.022451,1632.038574,205.932724
215.018188,1490.360596,898.368286,9.306824,1500.802246,894.452026,174.876038,1275.772461,902.482178,-2.291949,1310.515869,889.187561,215.824615,1306.729126,450.747223,179.304031,1370.131836,99.349503,-35.599171,1293.941406,433.348389,-6.863357,1607.991943,202.400864
214.590851,1480.917358,898.702454,8.805636,1489.928223,895.546143,176.909821,1265.943848,903.249695,-0.456496,1299.509399,891.001099,216.36644,1303.471436,450.166473,179.293365,1369.803711,99.522575,-35.471195,1274.543701,436.688873,-6.740674,1582.374146,197.183441
214.049179,1471.682983,898.962952,8.214574,1479.118042,896.309937,179.313217,1256.156494,903.024902,1.28266,1288.619751,892.571472,217.003784,1300.189331,449.615356,179.272873,1369.476685,99.680702,-35.134552,1255.603516,440.047852,-6.505997,1556.048096,191.032944
213.437759,1462.595947,899.141174,7.546978,1468.436157,896.842346,181.004044,1246.742065,903.137817,2.930726,1277.945313,893.947083,217.777679,1296.963135,449.065765,179.330673,1369.328003,99.760201,-34.759098,1237.210083,443.423767,-4.055448,1526.770874,182.753937
212.832245,1453.643555,899.263245,6.917109,1457.891602,897.227478,182.913864,1237.312744,902.587402,4.463647,1267.536987,895.002808,218.569946,1293.84021,448.485809,179.419647,1369.081909,99.934677,-33.945423,1218.850098,446.770752,-3.691357,1499.21521,175.392044
212.245529,1444.731812,899.323425,6.347226,1447.526123,897.490601,184.184372,1227.962158,902.783325,5.800105,1257.32666,895.78772,219.384079,1290.742188,447.8815,179.459702,1368.758789,100.125473,-33.184448,1201.380493,449.971771,-5.511622,1473.61853,167.952652
211.744858,1435.806396,899.31897,5.840373,1437.259399,897.543823,185.429367,1218.704712,902.1651,6.853094,1247.330078,896.279663,220.066086,1287.685303,447.188171,179.441116,1368.364868,100.359192,-32.44437,1184.365967,453.118652,-4.949677,1444.519409,159.834915
211.365158,1426.861694,899.235291,5.460655,1427.265381,897.466858,186.848801,1209.424927,901.316406,7.671095,1237.499634,896.497864,220.603882,1284.643311,446.49585,179.330261,1367.89563,100.647041,-31.622828,1168.004517,456.116577,-4.322091,1414.805908,151.54892
211.077301,1417.881348,899.076782,5.200364,1417.43689,897.227112,187.286224,1200.21936,900.31366,8.245494,1227.818604,896.613281,220.969589,1281.596802,445.820038,179.185013,1367.464722,100.97393,-30.725725,1152.267822,458.949738,-3.777087,1384.689209,143.324173
210.898254,1408.939697,898.832581,5.019578,1407.799194,896.81543,188.632446,1191.039795,899.603516,8.695572,1218.351074,896.511108,221.363647,1278.535156,445.201508,179.046478,1367.050903,101.276581,-29.720276,1137.165039,461.599945,-3.18312,1354.1427,135.298691
210.719162,1399.897217,898.474976,4.83851,1398.318726,896.316711,188.514694,1182.013672,898.954346,9.069963,1208.950073,896.338562,221.748062,1275.391846,444.690796,179.009415,1366.741699,101.616592,-28.607964,1122.671997,464.108521,-2.606647,1323.268311,127.642838
210.563614,1390.853149,898.026855,4.684499,1388.922607,895.755188,188.631836,1173.69873,897.319824,9.299832,1199.194336,896.122009,222.110703,1272.188843,444.18634,178.847122,1366.428345,102.054901,-27.371542,1108.775757,466.448944,-1.921505,1292.122803,120.478622
210.388504,1381.757446,897.566467,4.534322,1379.512573,895.148254,189.447601,1163.766235,897.017273,9.575601,1189.872559,895.644287,222.535385,1268.949219,443.76178,178.715836,1366.09021,102.618698,-25.949619,1095.420044,468.529144,-1.200556,1260.124023,113.335129
210.248322,1372.590454,897.098022,4.393347,1370.058228,894.489014,189.650589,1154.633057,895.846619,9.748352,1180.501953,895.012939,222.90181,1265.643799,443.331635,178.631897,1365.766602,103.260757,-24.415419,1082.566772,470.350952,-0.483676,1228.827393,107.578972
210.113663,1363.320313,896.624268,4.264808,1360.56958,893.820435,189.784988,1145.993774,894.497192,9.889581,1170.998779,894.19696,223.225266,1262.275024,442.879608,178.578918,1365.431885,103.955612,-22.768606,1070.284546,471.806915,0.505516,1197.55249,102.44796
209.970856,1354.031494,896.148804,4.142681,1351.059814,893.164001,189.959274,1136.537231,893.069031,10.026498,1161.452759,893.244568,223.513824,1258.817749,442.448547,178.371155,1365.050903,104.46064,-21.179588,1058.539185,472.925873,2.209593,1165.394897,97.764496
209.789307,1344.639282,895.63385,3.956535,1341.297363,892.438477,190.205353,1127.199951,891.526855,10.188601,1151.752075,892.183044,223.702423,1255.290649,442.015289,178.333694,1364.829102,105.322952,-19.560369,1047.286865,473.646271,3.795827,1134.552368,94.172935
209.555969,1335.223877,895.151733,3.739009,1331.429688,891.69928,190.425064,1117.729126,889.846191,10.381913,1141.937378,890.989075,223.885941,1251.632568,441.617584,178.421402,1364.322266,106.1175,-18.048468,1036.558105,474.002136,5.526042,1103.80127,90.82943
209.243576,1325.71875,894.677246,3.431113,1321.36731,890.9245,190.71875,1108.176636,888.148193,10.560835,1131.964233,889.6745,224.103195,1247.758057,441.25116,178.630295,1363.717041,106.95388,-16.70916,1026.369751,473.976349,6.545574,1074.133789,88.64917
208.84993,1316.215576,894.260681,3.031437,1311.085205,890.071167,191.061493,1098.569336,886.405212,10.785726,1121.725586,888.214661,224.343811,1243.594482,440.942688,178.946716,1363.068115,107.868019,-15.466969,1016.551025,473.622192,8.299583,1045.262451,87.256111
208.287659,1306.546509,893.799805,2.525025,1300.603516,889.13855,191.372375,1088.863159,884.698975,11.033276,1111.246216,886.71405,224.58873,1239.062622,440.697632,179.376282,1362.329346,108.883949,-14.261572,1007.024414,472.926727,10.236599,1017.894958,86.908859
207.578033,1296.921021,893.39978,1.845154,1289.942505,888.151978,191.755173,1079.103516,883.091125,11.329155,1100.583496,885.134216,224.906326,1234.115601,440.544678,179.92012,1361.54126,109.992821,-12.985705,997.747009,472.051208,11.934131,991.267029,86.584587
206.694977,1287.239746,893.000122,1.018635,1279.03772,887.091309,192.256927,1069.28186,881.612793,11.671367,1089.692505,883.520447,225.241562,1228.735352,440.39505,180.503677,1360.588379,111.241722,-11.666175,988.755981,471.143219,13.883646,966.195679,86.83757
205.688202,1277.483032,892.576965,0.083689,1267.950684,886.022766,192.765579,1059.374878,880.195313,12.071834,1078.696411,881.82135,225.652039,1222.909546,440.155182,181.156845,1359.430908,112.561935,-10.363343,979.809509,470.067749,15.661631,942.969482,87.467712
204.61731,1267.481079,892.054932,-0.911467,1256.714111,884.949463,193.34584,1049.38269,878.845459,12.499022,1067.551758,880.140686,226.098358,1216.63562,439.870728,181.814713,1358.053589,113.988953,-9.068337,970.586365,468.875183,17.584936,921.837769,88.36409
203.518677,1257.426636,891.530762,-1.92401,1245.278809,883.8479,193.865982,1039.2677,877.604126,12.925932,1056.309692,878.564148,226.617783,1209.851196,439.553009,182.486465,1356.511719,115.566353,-7.685982,961.064819,467.746368,19.563692,902.744141,89.059486
202.495178,1247.206909,890.908386,-2.87308,1233.868774,882.830627,194.415405,1028.977661,876.509277,13.341732,1044.968994,877.167725,227.133759,1202.571655,439.241211,183.224274,1354.713379,117.305511,-6.126718,951.214966,466.734161,21.893679,886.303833,89.521271
201.537567,1236.772339,890.214478,-3.754259,1222.347778,881.892151,194.882324,1018.513184,875.481873,13.732895,1033.52771,876.027466,227.651184,1194.791382,438.874115,184.087479,1352.655762,119.191963,-4.548687,940.836304,465.877655,24.103268,872.039001,89.313408
200.695465,1226.141113,889.46936,-4.697953,1211.030396,881.225464,195.335724,1007.782959,874.520203,14.114674,1021.948364,875.121216,228.115936,1186.440552,438.42157,185.052078,1350.283936,121.218353,-3.022598,929.819458,465.151031,26.591356,860.103699,88.088585
199.988647,1215.158325,888.65509,-5.400353,1199.273926,880.599182,195.786026,996.826294,873.648499,14.48954,1010.181335,874.453735,228.556137,1177.549194,437.897888,186.053848,1347.595947,123.421097,-1.658307,918.238037,464.459412,28.410643,851.21405,86.508118
199.418533,1203.901123,887.895264,-5.922497,1187.222046,880.077332,196.240112,985.541443,872.801453,14.835392,998.199402,873.982422,229.012619,1168.077759,437.312164,187.319824,1344.450073,125.608292,-0.446877,906.230469,463.59137,31.185253,844.632935,84.165802
198.954666,1192.332397,887.230957,-6.334417,1174.865356,879.696228,196.700165,973.947327,871.992126,15.190477,985.859924,873.724487,229.400742,1158.120239,436.691437,188.394714,1341.197998,128.391724,0.833361,894.028381,462.429382,33.743038,839.801025,80.981209
198.600525,1180.395508,886.631836,-6.616855,1162.100464,879.365723,197.187592,962.011719,871.16217,15.589131,973.1521,873.545898,229.797043,1147.63147,436.055573,189.778717,1337.528687,131.232224,1.997954,881.736023,460.999542,35.112106,838.001282,78.673553
198.221085,1168.180542,886.149963,-6.955712,1148.811279,879.040283,197.737823,949.768372,870.40863,15.992522,960.014526,873.4021,230.243332,1136.578857,435.27478,191.255447,1333.433472,134.271423,3.329728,869.498047,458.915192,36.913727,834.60498,74.811211
197.595337,1155.778564,885.75,-7.54304,1135.391724,879.056274,198.153458,937.323364,869.76416,16.373899,946.782532,873.448425,230.900879,1124.824585,434.385895,192.823578,1328.605347,137.142792,5.071846,857.604004,456.422211,38.356388,831.964233,75.691284
196.925446,1143.21228,885.430786,-8.186248,1122.161133,879.583679,198.488419,924.939819,869.470703,16.688261,933.69104,873.90625,231.464706,1112.236816,433.446777,194.688492,1323.074341,140.67215,6.481726,846.187683,456.084229,38.498787,825.616211,77.36795
196.485535,1130.711304,885.294983,-8.620625,1109.131104,880.852417,198.807541,912.530518,869.582031,17.003965,920.655212,874.964478,231.768646,1098.550659,432.598206,196.877548,1316.52771,144.981339,7.529624,835.132996,457.798248,37.911884,820.114563,77.608383
196.358078,1118.172241,885.487671,-8.696839,1096.305664,882.704468,199.0952,900.087769,870.195068,17.221092,907.856812,876.714355,232.609894,1083.406738,431.882751,199.368744,1309.498779,150.41214,7.90581,824.02063,459.767731,37.261272,816.276855,77.518135
196.547607,1105.704346,885.977112,-8.458386,1083.665894,884.849792,199.286545,887.602112,871.055237,17.390202,895.167908,878.822571,234.103561,1066.939697,431.044434,201.778534,1300.971558,155.052414,7.623212,812.431091,460.35025,36.636127,814.663757,76.818245
196.792603,1093.356934,886.529724,-8.176725,1071.142212,887.074036,199.346664,875.183655,872.022217,17.501322,882.478149,881.006836,235.996628,1049.443481,429.920044,204.123199,1291.442139,159.92247,6.951543,801.381531,459.795166,36.12854,813.151001,76.189224
196.837173,1081.158081,887.130188,-8.046542,1058.682251,889.178833,199.237152,862.934204,873.003235,17.495983,869.946899,882.994385,238.24649,1030.952637,428.508667,206.390976,1281.304932,165.899979,5.943839,791.13092,458.823639,35.972244,811.203125,75.990654
196.59874,1069.124512,887.682678,-8.204299,1046.251953,891.044373,199.116074,850.896729,873.934326,17.419325,857.487,884.655457,240.795547,1011.578918,426.920807,207.544724,1269.839844,172.08017,5.041535,782.160095,458.57608,35.911034,809.881104,75.886086
196.101501,1057.287964,888.157593,-8.592758,1033.814209,892.72052,198.895004,839.152954,874.740723,17.209131,845.107117,886.036011,243.277863,991.452637,425.398224,208.32724,1256.87146,178.331863,4.583265,774.807129,457.992462,36.102863,808.994202,75.913643
195.42717,1045.684692,888.498962,-9.109419,1021.528259,894.291931,198.570587,827.677429,875.501404,16.919441,832.862061,887.220032,245.508072,970.889404,424.068817,209.191971,1242.259766,184.319641,4.71636,768.361816,457.01535,36.37051,808.352051,75.885071
194.737778,1034.277588,888.661621,-9.653145,1009.5177,895.819824,198.138092,816.441833,876.289246,16.459982,820.84436,888.31488,247.20462,950.182739,422.95694,210.333496,1225.982422,189.477127,5.015244,762.942505,456.327576,36.780262,807.656433,75.851563
194.121414,1023.080139,888.660461,-10.151135,997.826599,897.354553,197.605484,805.360291,877.148804,15.94451,809.103882,889.324829,248.794128,929.287964,422.341797,211.128967,1209.296631,194.882996,5.530375,757.760681,455.688354,37.3246,807.099243,75.933411
193.57106,1011.886963,888.510864,-10.554453,986.44989,898.913757,196.995575,794.328125,878.1745,15.350453,797.605774,890.2547,250.16481,908.382996,422.113617,211.957306,1191.735474,199.676712,5.84115,752.186401,455.043549,37.936447,806.635681,75.957855
193.139816,1000.714294,888.371643,-10.892513,975.298218,900.431274,196.261398,783.218811,879.471375,14.659029,786.333374,891.160278,251.676285,887.371948,422.381958,212.431259,1173.497681,204.384338,6.097775,746.539063,454.262848,38.431667,806.310669,76.059418
192.776871,989.509705,888.345337,-11.178098,964.317322,901.854431,195.567017,772.137756,881.092407,13.948616,775.210266,892.066162,253.283768,866.129883,423.244385,212.411331,1153.677002,208.742935,6.4247,741.049011,453.484375,38.706676,805.798157,76.002731
192.435272,978.291504,888.584595,-11.474181,953.414124,903.128174,194.913071,761.005859,882.983521,13.227074,764.222961,892.979126,254.843979,845.040405,424.786926,212.618423,1132.734619,212.119141,6.80686,735.81073,452.779694,38.801849,805.051941,75.978958
192.197525,967.106934,889.228577,-11.695166,942.91156,904.356262,194.203094,749.821899,885.116577,12.53167,753.315674,893.795349,256.379639,824.048096,426.912048,212.896042,1110.941772,214.634796,7.26548,730.903137,452.078918,38.916328,804.136841,75.973206
192.002731,956.029663,890.241943,-11.989378,931.653442,905.25824,193.542389,738.781189,887.341492,11.833171,742.437012,894.461426,257.818573,803.074951,429.553741,213.432739,1088.571899,215.748672,7.685091,726.186401,451.297394,39.058743,803.359131,75.989967
191.88472,945.076904,891.450623,-12.183059,920.942932,906.05603,192.805298,727.837891,889.598267,11.085149,731.625427,895.03009,259.054871,782.219727,432.408875,213.789291,1065.698242,215.62291,7.928772,721.586853,450.389954,39.245468,802.831726,75.902893
191.926178,934.314941,892.532593,-12.204313,910.456543,906.532288,192.030563,717.065308,891.687439,10.325158,720.955994,895.426208,259.980316,761.826172,435.172943,213.804657,1042.180054,214.432434,8.066375,717.309998,449.386627,39.485489,802.674194,75.829613
192.062683,923.649292,893.445618,-12.159453,900.115784,906.856262,191.182495,706.364197,893.528198,9.510354,710.407837,895.639954,260.615265,741.73053,437.899658,213.646545,1018.004883,212.301575,8.020301,713.45752,448.340302,39.775612,802.541809,75.808197
192.290863,913.027405,894.378601,-12.063684,889.918823,907.278564,190.31514,695.724487,895.132813,8.638062,700.007996,895.646545,260.978119,721.847473,440.774078,213.129028,992.534912,209.834854,7.918809,709.855164,447.433289,40.029762,802.345581,75.835068
192.621048,902.393677,895.33551,-11.906349,879.866638,907.791321,189.387619,685.161926,896.361389,7.822137,689.781921,895.483459,261.170502,702.166992,443.863342,213.194885,966.74646,205.791824,7.796868,706.368042,446.467712,40.18819,801.980713,75.909996
193.179794,891.674255,896.239502,-11.589674,869.873718,908.308411,188.453751,674.620789,897.332031,6.98786,679.765869,895.153992,261.173187,682.911194,446.972137,213.440216,940.328064,200.64476,7.611688,702.802307,445.562042,40.207676,801.294495,76.103416
193.859299,881.014404,896.915039,-11.11088,860.126709,908.727661,187.553101,664.160034,898.106201,6.146318,669.885864,894.733276,261.075531,664.340515,449.984894,213.95755,913.322388,194.629288,7.309256,699.127563,444.685242,40.267689,800.506714,76.387711
194.65419,870.444885,897.270325,-10.537715,850.556641,908.890747,186.644363,653.772644,898.751587,5.329579,660.157959,894.1828,260.828094,646.27179,452.932068,214.008392,885.867126,187.127548,6.899634,695.348389,443.768188,40.262768,799.947388,76.607986
195.353012,860.006653,897.388916,-9.994152,841.158691,908.82196,185.78389,643.458862,899.328552,4.551709,650.520996,893.563171,260.31842,628.694336,455.837646,216.115906,857.159363,181.848267,6.512533,691.519775,442.807343,40.221748,799.80603,76.822884
196.041489,849.717407,897.296326,-9.414503,831.866516,908.516968,184.989182,633.261475,899.751831,3.874612,641.015198,892.787537,259.665375,611.720825,458.653229,216.172363,829.042053,174.176636,6.251613,687.748474,441.811584,40.175266,799.700134,76.818268
196.770828,839.447815,897.127197,-8.787498,822.51178,908.110046,184.371475,623.113403,900.046631,3.32884,631.557922,891.887268,259.038452,595.128113,461.449982,217.068008,799.570923,166.872574,6.096759,683.951294,440.885651,40.200733,799.617859,76.844833
197.518555,829.286743,897.008789,-8.153716,813.169373,907.710999,183.7957,613.070618,900.11499,2.905315,622.152527,890.909424,258.281708,579.054565,464.112457,218.057114,769.419006,159.507492,6.58641,680.768433,439.801178,40.23296,799.502808,77.010757
198.436768,819.202393,896.855286,-7.409089,803.729126,907.213074,183.371506,603.073242,899.985413,2.56862,612.783142,889.84668,257.436829,563.643494,466.481689,219.246353,738.776733,152.230133,6.596442,677.192688,438.965546,40.330879,799.158508,77.249519
199.301376,809.193176,896.661682,-6.676023,794.30957,906.741638,183.076462,593.108215,899.609192,2.349088,603.041382,888.824768,256.311829,548.899475,468.42099,220.330688,707.757813,145.281219,6.626264,673.678406,438.229462,40.405582,798.824402,77.74826
200.103165,799.291504,896.429504,-5.978051,784.964172,906.329895,182.895386,583.230347,898.995605,2.281145,593.983643,887.603088,254.989349,534.884644,470.065247,221.187683,676.312012,138.849106,6.696084,670.20343,437.520477,40.402107,798.546692,78.301529
200.876221,789.332764,896.0354,-5.264233,775.575928,905.897949,182.828201,573.369202,898.1297,2.274495,584.724243,886.320374,253.502075,521.460754,471.367889,221.986588,644.559753,133.113297,6.727603,666.74884,436.893341,40.266434,798.176514,78.789703
201.669189,779.416748,895.411072,-4.451209,766.214844,905.397461,182.821014,563.51416,897.082886,2.318316,575.37793,885.024902,251.777863,508.749603,472.206635,222.736893,612.703247,127.764465,6.614649,663.261108,436.366455,40.320549,798.803833,79.879356
202.456329,769.436096,894.565186,-3.609683,756.761841,904.783264,182.91037,553.620911,895.910767,2.458956,565.977722,883.750061,249.983246,496.658325,472.650726,223.718216,580.894897,122.903374,6.457272,659.752563,435.914917,40.212826,798.419006,80.430695
203.154266,759.371765,893.682434,-2.841362,747.233032,904.198792,183.0625,543.666992,894.643372,2.660069,556.570618,882.431946,248.231842,485.209351,472.878662,224.337723,549.380066,119.35498,6.481631,656.003418,435.169861,40.011829,797.827026,80.963943
203.791626,749.261108,892.836792,-2.143155,737.656006,903.686829,183.244583,533.594055,893.318909,2.877987,547.006409,881.124023,246.271866,474.255737,472.691498,224.677994,518.499268,116.978134,5.931979,652.062683,435.038971,39.783112,797.36499,81.759956
204.412415,739.013,892.053162,-1.472932,727.95166,903.32666,183.389816,523.422363,891.847595,3.062363,537.379761,879.732971,244.877441,464.138824,472.414124,224.675018,488.145569,115.657356,6.170461,647.897583,434.676544,39.781929,796.718445,82.996948
205.078796,728.568909,891.300842,-0.771202,718.170105,903.096802,183.522003,513.062866,890.229614,3.223285,527.585999,878.334229,242.878799,454.227356,471.276276,224.399323,458.377197,115.353851,6.118567,643.528381,434.418976,39.791218,796.084045,84.475143
205.802795,717.933167,890.481689,-0.073454,708.348694,902.84906,183.605194,502.507263,888.513611,3.351991,517.705322,876.938232,240.923889,444.667908,469.868866,223.954483,429.562256,115.991486,5.871267,638.896973,434.307037,40.032257,795.256165,85.82103
206.623642,706.980225,889.404968,0.662275,698.262695,902.307434,183.700729,491.716339,886.799988,3.486495,507.832764,875.589844,240.074646,435.700378,468.780273,223.244949,402.058319,117.29567,5.698008,634.046753,434.370697,40.152805,794.527344,87.502563
207.529297,695.794739,888.050598,1.551006,688.162659,901.566772,183.701019,480.598297,885.067566,3.559112,497.75766,874.338501,238.138901,426.022125,466.594269,222.163086,376.276978,119.05706,5.055616,628.821106,434.670105,40.250805,793.798523,89.28299
208.576996,684.360413,886.456482,2.610386,677.86261,900.655762,183.584259,469.320343,883.388123,3.550591,487.45816,873.147888,237.192307,416.760834,465.118469,220.888672,352.236572,120.964149,5.142663,622.944214,434.245636,40.309437,792.860168,91.156998
209.723343,672.710449,884.719727,3.826035,667.323792,899.621338,183.486618,457.805054,881.845276,3.485552,476.956635,872.012268,235.667404,406.328979,462.340973,219.754074,330.273621,122.576752,5.147459,616.526245,434.147522,40.447464,791.772339,93.122391
210.98674,660.86969,883.002808,5.152452,656.571655,898.491699,183.292358,446.061249,880.417053,3.340982,466.134674,870.850708,234.84433,395.888489,460.675201,218.672699,310.766235,123.736069,5.164681,609.625061,434.079315,40.632587,790.322937,95.175903
212.23764,648.776306,881.466797,6.460682,645.384705,897.331299,183.062271,434.073456,879.141357,3.180726,454.992859,869.730713,234.360504,384.503082,459.099274,217.761749,294.393921,124.388382,4.011866,601.708618,434.062897,40.753258,788.687927,97.461479
213.446808,636.494629,880.190186,7.654078,633.960571,896.21698,182.786179,421.919098,877.992065,3.076712,443.542755,868.625793,233.480988,372.589783,458.35733,216.48085,280.340698,123.883408,3.750031,593.108093,433.728912,40.86264,786.746643,99.953552
214.658661,624.085815,879.199463,8.745088,622.263,895.201294,182.64856,409.45166,877.065613,2.987071,431.804474,867.642761,233.06662,359.478851,457.63208,215.310181,268.897705,122.449181,3.394634,583.736694,433.234375,40.74395,784.636169,102.917114
215.65152,611.305969,878.400085,9.681394,610.239197,894.355408,182.539368,396.697906,876.317139,2.932011,419.710083,866.758484,233.394882,345.852814,457.343109,214.184418,259.54306,119.977898,3.897992,574.498718,432.426636,40.584637,782.012695,106.108742
216.597565,598.168823,877.758545,10.511105,597.952515,893.693237,182.384033,383.477081,875.78302,2.835047,407.134216,866.075623,232.969879,331.53244,456.651672,213.178482,252.349411,116.835159,3.908751,564.371521,432.360535,40.301086,779.007751,109.716362
217.499588,584.500427,877.046448,11.339633,585.230164,893.031738,182.169266,369.77536,875.390869,2.679102,394.199493,865.521851,232.56308,317.343292,455.895844,212.21434,246.841064,113.234795,3.510403,553.279419,432.070068,40.225281,775.236755,113.566536
218.472824,570.393921,876.208191,12.236956,572.161804,892.345825,181.895752,355.618134,875.104736,2.4869,381.05423,864.973755,232.765839,303.815338,455.413452,210.593674,242.030487,109.913116,3.732656,541.617004,431.495544,39.878941,771.396851,117.864365
219.425842,555.979187,875.619507,13.149939,558.875427,891.703491,181.501236,341.225861,875.169128,2.280915,367.662231,864.576416,233.011322,290.545135,454.357208,207.359421,235.592087,107.854004,4.890317,529.41687,430.651794,39.361034,767.051514,122.569244
220.22258,541.70874,875.732849,13.887565,545.399109,891.080444,181.034164,326.864685,875.793884,1.926624,354.141235,864.426208,232.831528,277.970337,454.251587,207.263474,229.001572,106.449829,4.383407,515.519836,430.420685,38.42049,761.845276,127.767609
220.78949,527.730042,877.021545,14.309399,531.929199,890.589355,180.675247,312.773132,877.157104,1.647394,340.614838,864.64563,232.867554,265.531586,455.321503,208.518738,223.017685,106.167519,4.149134,499.57251,429.065277,37.499374,755.203308,133.583862
221.036591,514.041199,879.065491,14.440347,518.472351,890.390808,180.547989,299.033325,879.241089,1.668528,327.218689,865.131531,234.322205,252.72879,457.151703,209.741379,218.866425,104.817673,4.163713,482.521881,428.247253,36.596359,746.867065,139.786667
221.163651,500.519684,881.390076,14.522427,505.135895,890.566223,180.727753,285.410919,881.646851,2.006836,313.903137,865.820557,236.825943,239.741989,459.100189,210.330322,215.722961,103.741035,2.868781,463.374847,427.011993,36.019146,736.779053,145.891342
221.442749,487.063141,883.621033,14.795192,492.030518,890.981018,181.150742,271.812592,883.99408,2.648903,300.870453,866.62677,239.01181,227.3013,460.269745,210.257767,212.540634,103.28833,1.556633,443.788361,425.352203,34.440186,726.64856,153.138626
222.053436,473.674103,885.546875,15.414337,479.232788,891.493103,181.674225,258.318542,886.044678,3.486209,288.219025,867.414307,239.269409,216.324234,459.978149,210.29982,210.037323,102.638885,0.053336,423.224213,423.486664,32.554924,715.578918,160.622513
223.028656,460.322937,887.127136,16.444958,466.832825,891.880066,182.157837,244.992493,887.652954,4.328924,276.057343,868.122681,238.902069,206.88736,459.486633,210.210403,208.332443,101.812653,-1.484642,402.071747,421.506958,31.045313,702.183716,167.995529
224.322617,446.999115,888.50531,17.82342,454.852142,892.140808,182.643921,231.883621,888.9151,5.051722,263.985474,868.915527,238.863953,198.365723,458.916687,209.824677,207.21199,101.427055,-2.777299,380.323273,419.508972,29.374241,687.214417,175.413254
225.819092,433.863678,889.797424,19.43885,443.136383,892.202698,182.963821,219.04689,889.999573,5.641953,252.33638,869.738953,239.089127,190.672455,458.251495,209.434464,206.429962,101.192657,-3.735028,358.037537,417.854004,27.661737,670.778931,182.547562
227.338882,420.999084,891.159058,21.09263,431.580688,892.056885,183.199203,206.448624,890.995056,6.104401,240.880356,870.717224,239.429169,184.042633,457.592285,209.157822,205.84639,100.931107,-4.301952,335.438416,416.724915,25.991934,653.124817,189.314819
228.696991,408.420654,892.725159,22.571684,420.188263,891.864624,183.441055,194.14119,892.040466,6.530364,229.463104,871.916504,240.169266,178.21225,456.915039,209.020111,205.365051,100.702934,-4.721975,312.827423,416.168243,24.588306,634.850342,195.795517
229.773819,396.118835,894.46106,23.748774,408.812103,891.766113,183.72905,182.091782,893.239746,6.858127,217.914734,873.362244,241.03717,172.601974,456.400787,209.039291,205.010315,100.726044,-5.245078,290.333435,416.202728,23.773233,615.939392,201.756302
230.556915,384.196014,896.276733,24.647436,397.391693,891.798157,184.211487,170.252823,894.55542,7.411264,206.467682,875.003296,241.8228,167.224976,455.95932,209.20137,204.595825,100.926392,-5.949611,267.894836,416.752563,23.284338,596.370911,206.964355
231.193726,372.593231,897.989746,25.349184,385.840515,891.987976,184.950806,158.606964,895.982361,8.076242,194.896057,876.829407,242.512161,162.068756,455.583649,209.637787,203.852264,100.862961,-6.928187,245.561829,417.878693,22.898376,575.414612,210.631699
231.660583,361.325958,899.539856,25.866623,374.192627,892.467163,185.961838,147.083786,897.427979,9.35326,184.010498,878.629089,243.19899,157.02858,455.167389,210.325867,202.998505,100.68576,-8.216536,223.622284,419.782379,22.522648,554.116394,213.282135
232.052292,350.28418,900.874512,26.222864,362.500641,893.286682,187.267166,135.777695,898.75116,10.451667,172.187027,880.799561,243.896576,152.282715,454.73996,210.845856,202.326569,100.577759,-9.455716,202.149994,422.125519,22.307135,531.001526,214.115021
232.333145,339.46759,901.901306,26.46106,350.798889,894.442078,188.817337,124.618866,899.891602,11.825016,160.447845,882.94696,244.50592,148.03894,454.16571,210.884552,201.927353,100.70192,-10.651186,181.016327,424.736755,21.576569,509.158325,214.71579
232.497604,328.881622,902.681824,26.549061,339.07663,895.795166,190.640991,113.640915,900.78418,13.406828,148.759445,885.012695,244.933563,144.210724,453.4758,210.66626,201.596115,100.963089,-11.702749,160.144287,427.458344,21.540735,485.501801,213.367462
232.531021,318.570129,903.223938,26.484264,327.426178,897.164063,192.630844,102.864151,901.406921,15.142103,137.107605,886.981384,245.18013,140.437149,452.777008,210.571518,201.105484,101.114906,-12.520313,139.484512,430.335541,22.028637,460.307007,210.157074
232.383301,308.410217,903.56366,26.225859,315.768707,898.311584,194.734543,92.202126,901.838379,16.923954,125.530434,888.793396,245.44339,136.774887,452.228638,210.532288,200.629913,101.214951,-13.189952,119.155495,433.318756,22.125179,435.322937,206.32193
232.066437,298.420837,903.725952,25.810764,304.23642,899.128418,196.817444,81.777679,902.089905,18.56489,113.449852,890.526855,245.930237,133.116867,451.645233,210.502243,200.322006,101.415947,-13.608479,99.149727,436.331879,22.356377,409.641266,201.322372
231.639526,288.58725,903.786255,25.134298,292.96875,899.692993,198.783554,71.510666,902.195496,20.357527,102.690292,891.809387,246.556274,129.546326,451.12326,210.601288,200.060989,101.668999,-13.985435,79.549332,439.385651,22.558987,383.625397,195.318726
231.114594,278.814758,903.886353,24.462238,281.74408,900.102112,200.563065,61.359776,902.185913,21.728085,90.87516,893.072144,247.305191,126.074196,450.747711,210.804413,199.684143,102.071243,-14.126696,60.390972,442.41391,22.871397,356.351776,188.391891
230.570953,269.108765,904.022034,23.796089,270.627686,900.430359,202.145325,51.301159,902.050842,23.057579,80.004845,893.912964,248.047699,122.550331,450.437714,211.013992,199.167953,102.637939,-14.115701,41.662079,445.416382,23.164768,328.302673,180.780792
229.998016,259.365631,904.176392,23.18643,259.663177,900.624268,203.499573,40.832691,902.032654,24.196289,69.235962,894.606689,248.807846,119.065857,450.197205,211.133392,198.633392,103.316826,-13.917252,23.396372,448.394287,23.459654,299.456024,172.594879
229.47966,249.609131,904.319702,22.659039,248.854813,900.67572,204.593628,30.308922,901.923828,25.096745,58.623463,895.097778,249.502518,115.544289,449.972076,211.196915,198.084457,104.079086,-13.654291,5.586713,451.428375,23.813183,269.912476,164.006668
229.041824,239.762955,904.43634,22.211813,238.301666,900.634888,205.284973,21.492405,900.98291,25.738409,48.178108,895.36499,250.050812,112.111252,449.790405,211.173248,197.570145,104.963997,-13.134656,-11.46975,454.178467,24.087578,239.611633,155.171417
228.683472,229.865173,904.487488,21.824474,227.870071,900.464661,205.831009,11.484058,900.342163,26.174088,37.871441,895.503601,250.51207,108.82518,449.646362,211.118134,197.152924,105.883171,-12.604157,-27.860174,456.95401,24.159233,208.330673,146.007797
228.339752,219.891647,904.512939,21.486631,217.634521,900.210449,206.106567,1.432938,899.645386,26.378113,27.707239,895.49762,250.830078,105.700508,449.560822,210.998215,196.944336,106.878311,-11.996213,-43.550877,459.546448,24.592916,177.170746,137.317017
228.026184,209.864487,904.510376,21.193306,207.47467,899.923157,206.163086,-8.67716,898.911682,26.377785,17.563524,895.38208,250.990295,102.576218,449.498505,210.965561,196.943909,107.999786,-11.319008,-58.563759,461.95929,25.068031,145.366974,128.902466
227.72937,199.71962,904.507385,20.916235,197.358139,899.599548,206.051651,-18.779984,898.03833,26.214903,7.437737,895.108948,251.191879,99.370132,449.475647,210.85231,196.993881,109.207199,-10.580704,-72.910187,464.163361,25.566681,113.027718,120.915627
227.4384,189.489655,904.490479,20.672647,187.250885,899.262756,205.819977,-28.969,897.04718,25.933857,-2.729558,894.598694,251.189087,95.883125,449.455841,210.958328,196.593796,110.317581,-9.712914,-86.61145,466.087952,26.110672,80.363976,113.515121
227.197861,179.190964,904.469177,20.42556,177.085953,898.921204,205.520355,-39.24342,895.917358,25.580273,-12.901456,893.913818,251.18602,92.120918,449.464905,211.185501,196.064163,111.415413,-8.702994,-99.620583,467.737183,26.634975,47.373993,106.744286
226.897369,168.931885,904.454407,20.170082,166.86557,898.590393,205.169617,-49.468365,894.614502,25.236164,-23.168354,893.034668,251.179047,88.015274,449.586212,211.468185,195.468063,112.622673,-7.656158,-111.947853,469.103882,27.186775,14.190516,100.812721
226.556396,158.52536,904.537231,19.851757,156.474319,898.262451,204.810822,-59.708244,893.236206,24.833027,-33.513191,892.036621,251.243912,83.607132,449.772278,211.884689,194.752014,113.846642,-6.478062,-123.743362,470.14325,27.811089,-19.021049,95.764313
226.063202,148.310059,904.536194,19.459209,145.939713,897.864258,204.469437,-70.001678,891.834412,24.42676,-44.047764,890.942505,251.286026,78.950974,449.999573,212.361694,193.874985,115.191055,-5.300063,-135.004349,470.859924,28.495464,-52.013885,91.761345
225.549805,138.050903,904.516846,18.968428,135.212494,897.335693,204.198059,-80.321976,890.408813,24.081747,-54.741085,889.789673,251.40419,73.975037,450.145966,212.879379,192.877441,116.571587,-4.067077,-145.916031,471.213928,29.279228,-84.443611,88.809082
224.908325,127.541382,904.344971,18.411699,124.187012,896.691406,203.997559,-90.744293,888.994751,23.803244,-65.647194,888.56427,251.627625,68.61779,450.266785,213.388123,191.79248,117.993431,-2.76934,-156.514313,471.289886,29.863525,-115.95472,86.857193
224.136551,117.102318,904.052673,17.703493,112.916855,895.97699,203.866013,-101.386803,887.634766,23.59656,-76.874794,887.286621,251.891968,62.873825,450.339935,213.804672,190.650604,119.572456,-1.471904,-166.853928,471.114441,30.941208,-146.926987,85.969742
223.201935,106.453079,903.600647,16.800322,101.349617,895.179199,203.88765,-112.039162,886.24939,23.493412,-88.359512,885.91864,252.249512,56.746571,450.386322,214.114975,189.287888,121.195328,-0.175258,-177.008987,470.802673,31.587507,-176.286606,85.788254
222.028961,95.586174,903.025635,15.718058,89.561821,894.264832,203.977997,-122.842659,884.921997,23.448114,-100.105324,884.51239,252.570572,50.181034,450.339111,214.390259,187.723709,122.851807,1.090206,-187.057129,470.360138,32.157642,-204.149643,86.383507
220.744858,84.268791,902.472046,14.449833,77.532387,893.229736,204.124695,-133.793915,883.664063,23.469591,-112.059937,883.104126,252.778854,43.107925,450.175293,214.650513,185.966187,124.585075,2.239934,-197.391937,469.847504,32.64444,-230.094879,87.428055
219.315704,73.570045,901.685425,13.078099,65.201759,892.117798,204.29007,-144.928329,882.482788,23.470043,-124.299049,881.709473,253.089035,35.497669,450.049072,214.945587,184.017105,126.433151,3.300525,-207.997925,469.118835,33.188618,-253.762512,88.795799
217.664246,61.815956,900.678955,11.632504,52.664349,890.929932,204.453262,-156.277298,881.364929,23.687332,-136.24646,880.293213,253.348495,27.152058,449.826813,215.372025,181.830475,128.389236,4.360961,-219.079788,468.376801,33.879211,-274.683441,89.866959
216.063477,50.165379,899.624146,10.201569,39.875595,889.740356,204.621857,-167.849258,880.307617,23.696701,-149.026718,879.120422,253.290146,18.932945,449.460999,215.927597,179.331482,130.479294,5.253607,-230.724503,467.661987,34.765991,-292.526276,90.17701
214.672699,38.850113,898.799255,8.825501,26.890461,888.591797,204.759521,-179.740128,879.32373,23.718596,-161.877029,878.086609,253.628159,9.496594,449.085876,216.606812,176.596527,132.757126,5.969,-243.262421,467.046387,35.794315,-307.131958,89.547218
213.266678,26.94763,897.910645,7.51309,13.723929,887.449768,204.871552,-191.884186,878.308777,23.735342,-175.037048,877.216309,253.924911,-0.763333,448.495941,217.462006,173.500717,135.250366,6.628707,-256.415894,466.268646,36.798225,-318.633728,87.949532
211.63475,14.242352,896.778198,6.216816,0.21112,886.304382,204.955978,-204.298492,877.264404,23.624069,-188.589203,876.430603,254.241562,-11.709907,447.667725,218.486923,169.966217,137.855133,7.082382,-270.299194,465.196869,37.698429,-327.278076,85.415138
210.297058,1.563378,895.699219,4.963986,-13.584884,885.059937,204.998337,-216.990936,876.210022,23.628223,-202.266251,875.707153,254.606277,-23.426659,446.601471,219.701111,166.014999,140.600906,7.324937,-284.727875,463.726257,38.491432,-333.36731,82.232315
208.908279,-11.357459,894.573364,3.580209,-27.803373,883.822571,204.960907,-230.001175,875.199951,23.443943,-216.450134,875.012573,255.170517,-36.03558,445.234772,221.148407,161.532791,143.532715,7.738023,-299.289856,461.280945,39.484604,-338.070251,79.297203
207.292404,-24.50552,893.403381,1.983125,-42.032227,883.007996,204.671494,-243.240479,874.475464,23.139858,-230.597168,874.671326,255.650192,-49.540451,443.636841,222.90007,156.4142,146.803589,8.246084,-313.666138,459.39798,41.181541,-343.294342,79.573738
205.883347,-37.777637,891.962097,0.358465,-55.913029,882.869324,204.316803,-256.292175,874.110168,22.72332,-244.47673,874.9599,255.887146,-64.167213,442.009064,224.926483,150.174255,150.711563,8.400459,-328.052734,459.888458,41.555653,-347.747162,80.322845
204.47374,-50.889744,890.980103,-0.916654,-69.472107,883.694885,203.794052,-269.380768,874.229126,22.163635,-258.158478,876.239807,255.971909,-80.293358,440.437286,227.148483,142.80014,155.321289,8.076304,-342.528503,461.318451,40.667255,-351.714325,80.400665
203.629517,-64.023888,890.21814,-1.700203,-82.795052,885.124878,203.151871,-282.425049,874.792542,21.492834,-271.638153,878.391602,256.484039,-98.0075,438.860748,229.334961,134.48645,160.372208,7.027283,-356.21936,462.504883,39.797276,-354.806641,80.562431
203.06694,-77.029167,889.699097,-2.251002,-96.050217,886.924377,202.389618,-295.409515,875.609009,20.666195,-285.133331,880.840332,257.629822,-116.998878,437.191772,231.539871,125.136154,165.994736,5.659044,-368.725525,462.386841,38.918964,-357.536407,79.889458
202.38945,-89.870598,889.354126,-2.925136,-109.36158,888.800232,201.483795,-308.299347,876.438904,19.815302,-298.48172,883.08905,258.807922,-136.825714,435.277985,233.331085,114.363434,172.010742,4.268115,-380.06604,461.00354,38.802189,-360.22757,79.617126
201.338257,-102.583923,889.103027,-3.945366,-122.642357,890.566956,200.508163,-320.988342,877.144287,18.839968,-311.765381,884.934998,260.19455,-157.420929,433.186951,234.566879,102.061111,178.160156,3.12531,-390.682922,459.808258,38.837288,-362.049316,79.398315
199.752945,-115.004089,889.105103,-5.327916,-135.874054,892.129089,199.464493,-333.341217,877.675232,17.808693,-325.020477,886.319458,261.56308,-178.753876,431.225891,235.283478,87.968727,184.017029,2.387915,-399.66687,459.359375,39.031563,-363.24704,79.26799
197.960342,-127.154945,889.13269,-6.966831,-148.918991,893.588684,198.422623,-345.350983,878.160522,16.754778,-338.07254,887.355103,262.373352,-200.438522,429.442719,235.358063,72.644127,190.174667,2.344815,-407.059601,458.300446,39.365746,-363.898987,79.371643
196.092102,-139.021637,889.171692,-8.691309,-161.749771,895.055176,197.360672,-357.004272,878.759521,15.700754,-350.815979,888.364441,262.632416,-222.2724,427.893829,235.955872,55.836994,195.790894,2.346457,-413.266937,457.492584,39.567902,-364.248413,79.412941
194.293777,-150.648056,889.201172,-10.291077,-174.24501,896.697937,196.324417,-368.464478,879.669189,14.680037,-363.350464,889.533997,262.590912,-244.148865,426.923584,236.386826,38.100868,201.086914,1.927342,-419.084595,456.888092,39.529457,-364.430847,79.403389
192.686554,-162.072861,889.265869,-11.696437,-186.528351,898.536621,195.374695,-379.723236,880.941711,13.701644,-375.570404,890.786804,262.528198,-265.971771,426.645264,236.597748,19.786695,206.329422,0.999417,-424.432617,456.034424,39.661301,-364.546387,79.30323
191.272446,-173.432175,889.38324,-12.898301,-198.618317,900.429199,194.385925,-390.984222,882.644226,12.709793,-387.484711,892.060547,262.769989,-287.95697,427.241699,236.117004,0.267788,211.291458,0.093624,-429.583527,455.287781,39.669529,-364.669586,79.201942
189.954514,-184.802032,889.682861,-13.953652,-210.536423,902.194824,193.302246,-402.287598,884.703918,11.646014,-399.251953,893.332031,263.066101,-309.737274,428.621094,235.477448,-20.193628,215.918869,-0.571499,-434.494324,454.58136,39.506634,-364.950043,79.162575
188.760193,-196.22142,890.272766,-14.917516,-222.286179,903.796448,192.113785,-413.669922,887.090149,10.516764,-410.642181,894.498413,263.180206,-331.347992,430.620911,234.65625,-41.628376,219.848953,-1.016684,-439.205078,453.88266,39.275322,-365.472168,79.165855
187.6922,-207.625488,891.20752,-15.821539,-233.820404,905.237366,190.818817,-425.018951,889.674683,9.225746,-421.951904,895.64917,263.330627,-352.846985,433.113922,233.865784,-63.687534,222.686264,-1.382933,-443.592346,453.202942,39.021866,-366.009338,79.162926
186.769989,-218.964539,892.475037,-16.626133,-245.087433,906.474365,189.390839,-436.27243,892.313171,7.846008,-433.025818,896.657959,263.422424,-374.120941,435.974762,233.182175,-86.306175,224.170853,-1.790499,-447.767426,452.476288,38.838951,-366.429016,79.109352
185.988831,-230.252792,894.009705,-17.336655,-256.030518,907.602234,187.759445,-447.467041,894.899902,6.258991,-443.939697,897.475403,263.466278,-395.151733,439.023987,232.330704,-109.398613,224.46933,-2.369711,-451.748535,451.696136,38.84024,-366.666412,79.213493
185.516663,-241.459579,895.55365,-18.607813,-265.713501,908.647949,185.984375,-458.633423,897.274048,4.508539,-454.602997,898.052185,263.353027,-415.821106,442.075867,231.092453,-133.117966,223.67598,-3.042536,-455.292236,450.89505,39.066353,-366.92572,79.470764
185.20575,-252.591461,897.125183,-19.058712,-276.019348,909.422729,184.049393,-469.702881,899.31665,2.634547,-465.100494,898.403687,263.049377,-436.240875,445.163666,229.706924,-157.403687,221.960159,-3.673232,-458.517395,450.147247,39.345604,-367.172882,79.770668
185.212921,-263.685272,898.507629,-19.285101,-286.065521,910.13147,181.986023,-480.766296,901.049316,0.703232,-475.40329,898.553833,262.641479,-456.227692,448.285889,228.232239,-182.261887,219.306091,-4.13978,-461.611938,449.434448,39.519676,-367.440369,80.036179
185.534302,-274.595581,899.641174,-19.323996,-295.845398,910.751892,179.955475,-491.652588,902.421875,-1.282148,-485.459045,898.569458,262.052429,-475.868774,451.457306,226.781403,-207.720886,215.66037,-4.440443,-464.682343,448.815277,39.640209,-367.735687,80.381638
185.972458,-285.462646,900.580078,-19.224079,-305.508636,911.296021,177.924194,-502.497437,903.493591,-3.200981,-495.358948,898.474121,261.369141,-495.116089,454.638489,225.707962,-233.509003,211.144089,-4.678167,-467.780334,448.327209,39.732498,-368.070923,80.825264
186.453064,-296.263489,901.316162,-19.062943,-314.918457,911.790466,175.989975,-513.249084,904.281311,-5.068018,-505.152161,898.30365,260.584656,-513.916626,457.795807,224.514252,-260.148285,205.566177,-5.084979,-470.786407,447.906433,39.813267,-368.403107,81.330048
186.968491,-306.985535,901.849304,-19.116394,-323.167084,912.427124,174.167694,-523.866638,904.858643,-6.767214,-514.682434,897.966125,259.699036,-532.121826,460.818695,223.45256,-287.373749,199.166107,-5.713949,-473.655853,447.434692,39.873222,-368.69519,81.796989
187.380188,-317.675995,902.21582,-18.814939,-332.640472,912.621826,172.479416,-534.39032,905.315796,-8.355672,-524.232483,897.552429,258.934906,-550.318726,463.75705,222.642242,-315.53894,191.834473,-6.394185,-476.613373,446.993774,39.924835,-368.956696,82.312172
187.701981,-328.221985,902.44519,-18.5634,-342.152771,912.733948,170.956161,-544.820923,905.660339,-9.751619,-533.756958,897.015869,257.6315,-567.362183,466.43692,221.716675,-343.601257,184.609238,-7.008586,-479.692566,446.544067,39.966995,-369.263031,82.708244
187.936172,-338.636536,902.570862,-18.34465,-351.697174,912.797668,169.710083,-555.072144,905.857056,-10.906454,-543.274231,896.398743,256.146332,-583.755371,468.955597,220.37294,-372.379822,176.991943,-7.527975,-482.942871,446.128448,40.019802,-369.616211,83.112244
188.077087,-348.895844,902.584961,-18.233149,-361.317932,912.766602,168.680984,-565.205627,905.92218,-11.838161,-552.775574,895.685608,254.458633,-599.434448,471.221466,219.201172,-401.71109,169.215668,-7.911079,-486.285645,445.784241,40.098625,-369.939758,83.78363
188.114883,-359.060699,902.460083,-18.169508,-370.947968,912.699097,167.836472,-575.265442,905.816895,-12.593952,-562.353882,894.956482,252.538208,-614.477417,473.21283,218.092987,-431.691406,161.346069,-8.129719,-489.742096,445.519623,40.102612,-370.293396,84.469925
188.128922,-369.100006,902.2276,-18.165991,-380.595551,912.629395,167.156586,-585.286804,905.557312,-13.166502,-571.946472,894.14624,250.367279,-628.87616,474.905884,216.932632,-462.206512,153.702377,-8.235123,-493.289764,445.334503,40.057236,-371.006378,85.284523
188.132751,-379.053925,901.900818,-18.191223,-390.30603,912.544739,166.689697,-595.133606,905.029053,-13.608827,-581.578247,893.30188,248.000351,-642.508789,476.248322,215.663101,-493.183472,146.524628,-8.212656,-496.935883,445.172699,39.972153,-371.39325,86.253609
188.046021,-388.983887,901.455811,-18.252619,-400.023102,912.436646,166.301666,-605.060669,904.358704,-13.984982,-591.267517,892.411316,245.421097,-655.44574,477.282104,214.180481,-524.527649,139.95282,-8.332854,-500.912659,445.29657,39.854321,-371.896088,87.256065
187.961044,-398.942078,900.935242,-18.345324,-409.767365,912.292603,165.992081,-614.974548,903.507202,-14.295923,-600.945251,891.438538,242.639877,-667.621216,477.897705,212.761017,-555.922424,134.07074,-7.988858,-504.265198,445.199982,39.682449,-372.425903,88.251617
187.863235,-408.916412,900.335938,-18.445034,-419.599762,912.094238,165.742722,-624.890442,902.467957,-14.573033,-610.753113,890.417236,239.733704,-679.0672,478.124969,211.233536,-587.361633,128.986938,-7.998919,-508.45517,445.150116,39.406864,-373.083069,89.372414
187.758575,-418.941376,899.631287,-18.560579,-429.442261,911.786987,165.53653,-634.871277,901.372559,-14.764765,-620.537659,889.352173,236.628494,-689.957275,477.929291,209.547134,-618.736145,124.785988,-8.078683,-512.971252,445.103973,39.083076,-373.795532,90.598732
187.660736,-429.105164,898.81189,-18.633684,-439.359741,911.403748,165.373413,-644.969971,900.175049,-14.91588,-630.387024,888.301941,233.458496,-700.28009,477.328766,207.779877,-649.596558,121.583267,-8.184942,-517.742676,445.081696,38.744473,-374.544403,91.955643
187.638077,-439.426208,897.83905,-18.653666,-449.382141,910.938049,165.223541,-655.196106,898.90332,-15.048209,-640.344177,887.25769,230.302048,-710.028381,476.28772,205.751801,-679.815063,119.384415,-8.429813,-522.692566,445.096985,38.36322,-375.380127,93.420914
187.68132,-449.898956,896.720215,-18.574785,-459.543152,910.419373,165.074219,-665.660217,897.562744,-15.179109,-650.459045,886.218079,227.141296,-719.327576,474.803284,203.358917,-709.217896,118.227615,-8.821063,-527.941956,445.088074,37.902184,-376.264648,94.996284
187.83017,-460.653107,895.461609,-18.38703,-469.821777,909.844666,164.920929,-676.378906,896.072449,-15.324126,-660.694153,885.159241,223.929031,-728.303284,473.14624,200.566772,-737.758179,118.004021,-9.351474,-533.504883,445.032318,37.39756,-377.248291,96.689217
188.149506,-471.711029,894.065796,-18.052284,-480.293396,909.19574,164.726257,-687.358704,894.435181,-15.511455,-671.128906,884.106506,220.786789,-737.255676,471.317535,197.594238,-765.169067,118.670898,-10.066072,-539.401245,445.004272,36.825874,-378.263763,98.46907
188.612961,-483.04361,892.545715,-17.547462,-490.951355,908.532043,164.44162,-698.655701,892.791443,-15.754966,-681.76886,883.076782,217.77951,-746.345947,469.174072,194.463776,-791.339172,119.970718,-10.915339,-545.638367,444.978149,36.161552,-379.419861,100.334015
189.17334,-494.635132,890.930969,-16.9006,-501.827728,907.829285,164.132614,-710.085571,891.062927,-16.090044,-692.601929,882.035034,214.791946,-755.815369,466.913177,190.801926,-815.446045,121.232147,-11.945308,-552.276367,444.930756,35.431499,-380.774658,102.347115
189.823318,-506.480103,889.266785,-16.202007,-512.890137,907.065552,163.708725,-721.745483,889.368713,-16.482304,-703.621094,880.959961,211.867279,-765.925171,464.681641,186.994476,-838.100403,122.285728,-13.067451,-559.391357,444.818054,34.646236,-382.365143,104.510902
190.450348,-518.48114,887.620483,-15.503659,-524.158997,906.25415,163.239502,-733.593262,887.72406,-16.930658,-714.816406,879.860962,209.551498,-776.702576,462.953125,183.69873,-858.337952,123.566818,-14.236489,-567.036804,444.600983,33.774395,-384.201538,106.755951
191.046082,-530.724731,886.00238,-14.847368,-535.596191,905.340332,162.694901,-745.678711,886.216003,-17.447453,-726.282776,878.741577,207.366455,-788.266113,461.565826,179.992828,-875.787842,124.016121,-15.472141,-575.258667,444.27298,32.826321,-386.249756,109.163345
191.539566,-543.133789,884.415222,-14.29671,-547.249817,904.328735,162.105057,-757.937988,884.856384,-17.958982,-737.903259,877.659912,205.270401,-800.858826,460.464386,176.824356,-890.969482,123.656372,-16.659485,-584.024658,443.82901,31.776945,-388.571228,111.693207
191.955276,-555.75177,882.883789,-13.835041,-559.075256,903.225464,161.416229,-770.451538,883.714233,-18.573542,-749.728149,876.629395,203.362076,-814.543579,459.594299,173.462982,-903.374634,122.132507,-17.768364,-593.278809,443.354187,30.658638,-391.155487,114.418053
192.271072,-568.715637,881.391052,-13.533283,-571.136292,902.066467,160.673447,-783.313843,882.803101,-19.237005,-761.756592,875.66394,201.636749,-828.945984,458.850555,169.843933,-913.31842,119.57299,-18.866808,-603.020996,442.927643,29.563665,-394.026184,117.31459
192.474976,-582.036865,879.937195,-13.280553,-583.377197,900.924255,159.705093,-796.600586,882.077087,-20.043261,-774.006348,874.779419,200.144119,-843.838013,458.119843,166.181763,-921.171814,116.140999,-19.949411,-613.313049,442.467255,28.756735,-396.734985,120.688255
192.661728,-595.97876,878.532043,-12.963503,-595.506836,899.842041,158.589264,-810.341003,881.422363,-21.028639,-786.530823,873.91571,198.992264,-858.905884,457.373474,163.533249,-928.303528,112.74614,-20.956495,-624.191833,441.888855,27.262819,-399.989563,124.34967
192.90892,-610.563477,877.185242,-12.670774,-608.252502,898.817932,157.189728,-824.631409,880.792664,-22.225729,-799.312317,873.012573,198.013748,-873.871582,456.430511,159.98262,-933.56134,109.425964,-22.063618,-636.004395,441.020386,25.913988,-404.437042,128.189819
193.459366,-625.578918,876.017944,-12.132141,-621.240234,897.866272,155.585602,-839.336548,880.23645,-23.537239,-812.278259,872.156372,196.957825,-888.434692,454.867889,156.261154,-940.481323,107.267349,-23.711662,-649.386169,439.593506,24.147638,-408.809387,132.513702
194.104767,-640.760864,875.342529,-11.521568,-634.382385,896.786438,153.928497,-854.197144,880.148315,-24.901205,-825.357605,871.438538,195.41301,-902.456787,453.830872,154.735504,-948.752075,105.356514,-25.760389,-663.88562,437.673859,22.123857,-414.332153,137.111725
194.745407,-655.58667,875.718994,-11.026372,-647.472412,895.565125,152.198242,-868.812805,880.733521,-26.266516,-838.275513,871.052917,193.092026,-915.891296,454.156281,155.871475,-956.986206,104.777847,-27.67429,-679.553528,435.588776,19.813107,-421.227783,142.266739
195.167831,-669.910767,877.073792,-10.740399,-660.34198,894.404053,150.654938,-883.042664,882.150391,-27.475037,-851.041443,871.124207,191.400558,-929.113098,455.169525,156.8452,-962.535217,103.789177,-30.039322,-696.812134,433.687897,17.589779,-429.579498,147.819687
195.3564,-683.887329,878.717712,-10.596718,-672.847961,893.565491,149.39418,-896.931091,884.120544,-28.417818,-863.567505,871.425049,191.854538,-943.219482,456.710754,156.643173,-966.063293,102.230621,-33.172901,-715.619141,431.715851,15.253894,-439.052277,153.770233
195.627502,-697.563721,880.435181,-10.361339,-685.201416,892.977539,148.465851,-910.463257,886.172791,-28.990093,-875.822327,871.816895,193.764511,-957.230896,458.041931,156.186722,-969.563354,101.634178,-36.59404,-735.425293,429.550995,12.819349,-449.53183,160.168701
196.05191,-711.023376,882.035461,-9.868546,-697.234314,892.503479,147.751068,-923.73114,887.986084,-29.239071,-887.784302,872.194153,194.514709,-970.028748,458.159393,156.159302,-972.408508,101.606384,-39.818176,-755.808899,427.084747,10.286477,-461.293701,167.30336
196.73497,-724.375183,883.504395,-9.148618,-708.994202,891.98938,147.21286,-936.870178,889.482483,-29.313719,-899.361938,872.509521,193.833344,-980.533325,458.096497,154.84906,-972.921387,100.61692,-43.046795,-776.852844,424.401489,7.593035,-474.837006,174.669937
197.630569,-737.63501,884.798035,-8.146025,-720.424133,891.491577,146.737778,-949.69751,890.643982,-29.305706,-910.617126,872.814209,193.015457,-989.402527,457.651794,154.070572,-974.132385,100.37986,-45.917931,-798.545715,422.06546,4.854663,-490.16449,181.786316
198.818314,-750.432922,886,-6.977499,-731.605286,891.027588,146.283691,-962.270752,891.636597,-29.3508,-921.647644,873.273987,192.434174,-997.095337,456.993164,153.954483,-975.180176,100.296371,-48.193012,-820.710876,420.368347,2.074012,-507.154175,188.383911
199.966125,-763.06073,887.241455,-5.661362,-742.666504,890.633057,145.831055,-974.503906,892.581604,-29.43528,-932.526672,873.972229,192.27327,-1003.771545,456.256409,153.601578,-975.833374,100.318657,-50.289337,-842.85022,419.206451,-0.62569,-525.54126,194.524292
201.008347,-775.357361,888.634705,-4.45973,-753.680359,890.345825,145.430603,-986.468506,893.605347,-29.58498,-943.406433,875.022583,192.468231,-1009.54425,455.478485,153.545059,-976.829651,100.612404,-52.237038,-864.97467,418.791565,-2.641901,-544.726929,199.920059
201.799255,-787.278503,890.157532,-3.501997,-764.697693,890.221497,145.231216,-998.143494,894.755859,-29.634481,-954.41748,876.457703,192.789429,-1014.753601,454.8255,152.602219,-976.329895,99.624786,-54.055111,-886.884949,418.948578,-4.325235,-564.128418,205.242767
202.434631,-798.882935,891.666687,-2.845354,-775.787292,890.269165,145.369659,-1009.534607,895.996765,-29.492527,-965.511292,878.185242,193.093948,-1019.700195,454.255066,153.754532,-977.267944,100.100647,-55.770008,-908.71228,419.604858,-5.367148,-583.955933,210.077667
202.738876,-809.900146,893.24353,-2.502609,-787.00531,890.580505,145.843002,-1020.695435,897.330811,-29.106361,-976.75824,880.189453,193.266586,-1024.50769,453.674957,153.182037,-977.626221,99.231003,-57.647537,-930.494751,421.042847,-6.458833,-604.768799,213.501938
202.819031,-820.519226,894.72821,-2.454755,-798.220703,891.230896,146.671127,-1031.67981,898.740112,-28.445656,-988.093994,882.404602,193.426559,-1029.126099,453.180573,153.339966,-978.362305,99.218277,-59.408451,-951.690613,423.185516,-7.920074,-626.383606,215.790985
202.600052,-831.225037,896.000366,-2.642239,-809.472046,892.197632,147.813141,-1042.418701,900.101196,-27.55287,-999.451843,884.77301,193.66153,-1033.367432,452.658966,154.471786,-979.592102,99.740097,-61.043224,-972.484192,425.839813,-9.215376,-648.281494,216.712723
202.092758,-842.452942,896.981995,-2.991438,-820.698303,893.540955,149.228851,-1052.951782,901.330933,-26.42942,-1010.796082,887.139893,193.891388,-1037.111938,452.241028,153.925385,-979.119446,99.352837,-62.6553,-992.942383,428.764771,-10.507798,-670.625244,216.301895
201.895828,-851.50647,897.752563,-3.602159,-831.884338,895.07428,150.869003,-1063.299927,902.338867,-25.128139,-1022.148254,889.445007,194.144455,-1040.628906,451.835114,154.090668,-979.638,99.971077,-64.142792,-1013.048645,431.835327,-11.728599,-693.64801,214.605133
201.249893,-861.044678,898.381287,-4.386189,-842.996643,896.565857,152.687363,-1073.412842,903.10144,-23.640171,-1033.319092,891.538086,194.354935,-1044.04541,451.389648,154.37796,-980.237366,100.469284,-65.348534,-1032.749023,434.880829,-12.833241,-717.362793,211.740723
200.506088,-870.461426,898.830139,-5.309524,-854.017883,897.850891,154.582123,-1083.32373,903.609619,-22.101353,-1044.399658,893.399353,194.636749,-1047.384399,450.945038,153.966629,-980.473755,100.248009,-66.299118,-1052.171021,437.86087,-13.810682,-741.620728,207.69577
199.606339,-879.611938,899.185913,-6.31454,-864.777893,898.897583,156.411682,-1093.044556,903.907593,-20.57513,-1055.300781,894.996216,195.000061,-1050.654663,450.591736,154.121948,-980.977295,100.752327,-66.929573,-1071.472412,440.816833,-14.737669,-766.508423,202.620483
198.60733,-888.636719,899.479431,-7.421446,-875.39209,899.607849,158.191788,-1102.589111,904.065125,-19.12702,-1066.005005,896.326416,195.511185,-1053.791504,450.29837,154.827667,-981.513855,101.509583,-67.336151,-1090.383179,443.692993,-15.556416,-792.065918,196.667816
197.575333,-897.644165,899.715393,-8.536593,-885.866211,900.033813,159.813232,-1111.853149,904.064758,-17.829948,-1076.487061,897.363342,196.225845,-1056.800659,450.02066,154.374039,-981.75946,101.679642,-67.495491,-1108.891846,446.646759,-16.333357,-818.411621,189.911606
196.54895,-906.365662,899.922363,-9.630162,-896.168579,900.214111,161.177277,-1121.011475,903.990479,-16.754795,-1086.755371,898.18396,197.029236,-1059.727661,449.770905,154.257126,-982.114746,102.083275,-67.445595,-1126.903809,449.580261,-17.079699,-845.542725,182.515839
195.561249,-915.130371,900.085327,-10.656132,-906.31543,900.216309,162.30957,-1130.061035,903.85321,-15.899369,-1096.817749,898.875854,197.786118,-1062.629639,449.574249,154.476379,-982.776917,103.167755,-67.195564,-1144.47522,452.506165,-17.826563,-873.348267,174.574478
194.64212,-923.833557,900.244385,-11.473311,-917.382446,899.699036,163.111588,-1139.054199,903.629272,-15.321342,-1106.63562,899.406982,198.344315,-1065.610107,449.395599,154.494186,-983.394897,104.126015,-66.822121,-1161.472778,455.381592,-18.559174,-901.547363,166.109253
193.820313,-932.646301,900.352966,-12.262106,-927.036316,899.405151,163.612335,-1148.046265,903.349304,-15.004725,-1116.264038,899.774902,198.696991,-1068.63269,449.307556,154.006042,-983.616882,104.527023,-66.18441,-1177.710815,458.136047,-19.368137,-930.450012,157.495987
193.130417,-941.347412,900.498047,-12.973138,-936.531799,899.069702,163.781387,-1157.061523,902.995422,-14.977641,-1125.735229,900.046021,198.941864,-1071.643433,449.257996,154.232971,-983.99054,105.332581,-65.387627,-1193.22168,460.719421,-20.148323,-959.776184,148.873932
192.583542,-950.389343,900.601379,-13.53566,-945.82605,898.6651,163.671158,-1166.12439,902.584717,-15.138025,-1135.043213,900.170105,199.146774,-1074.679077,449.247009,154.211136,-984.333313,106.147308,-64.388161,-1207.990967,463.091339,-20.932804,-989.606445,140.465088
192.108185,-959.463867,900.693237,-14.031935,-955.068237,898.266968,163.391998,-1175.280884,902.161804,-15.49863,-1144.318726,900.186096,199.317062,-1077.796265,449.265106,154.206161,-984.652771,107.069687,-63.20612,-1222.142456,465.323761,-21.643019,-1019.783875,132.317764
191.614746,-968.494385,900.833496,-14.508664,-964.146179,897.935242,162.983841,-1184.481323,901.657532,-15.973758,-1153.577759,900.016296,199.801498,-1081.506958,449.768799,154.086243,-984.850769,107.736984,-61.767872,-1235.633911,467.302429,-22.222717,-1050.241333,124.540802
191.123398,-977.703003,900.937622,-14.902793,-974.038208,897.410339,162.508484,-1193.758179,901.009949,-16.477739,-1162.866211,899.672241,198.972565,-1083.135498,448.727295,154.555817,-985.575989,109.211258,-61.71954,-1250.456543,469.887817,-22.369038,-1081.152222,117.091629
190.628342,-986.944275,901.066284,-15.462156,-982.702881,897.157349,162.081528,-1203.018555,900.163269,-16.953915,-1172.201172,899.147156,198.981537,-1086.666992,448.735352,154.236603,-985.683777,109.440216,-59.725712,-1262.609863,471.224609,-22.526615,-1112.030273,110.389252
190.067444,-996.038818,901.286682,-15.969476,-992.716919,896.672424,161.694275,-1212.307373,899.175537,-17.393679,-1181.66272,898.458435,198.964905,-1090.424438,448.762878,154.824005,-986.375549,110.606705,-57.517227,-1275.509644,471.425537,-23.112335,-1140.979736,104.765938
189.406143,-1005.413635,901.376282,-16.63891,-1002.332581,896.351379,161.387695,-1221.60437,898.065002,-17.793509,-1191.228882,897.615417,199.036652,-1094.365601,448.801605,155.27655,-987.008789,111.693756,-55.069874,-1286.577148,472.191742,-22.807833,-1171.594116,99.620247
188.667999,-1014.576416,901.52356,-17.419872,-1012.133484,896.015076,161.178543,-1230.888428,896.917297,-18.112434,-1200.967896,896.710632,199.103867,-1098.45459,448.890045,155.828003,-987.711365,112.859406,-52.763008,-1297.124023,472.694946,-22.189995,-1201.944092,95.35585
187.78006,-1023.897766,901.52478,-18.33045,-1022.139893,895.599609,161.038223,-1240.205933,895.728882,-18.385666,-1210.895874,895.762573,199.287048,-1102.853271,449.019531,156.406052,-988.553528,114.040482,-50.564812,-1306.808716,472.692688,-21.20652,-1231.868652,91.869179
186.785782,-1033.23584,901.452942,-19.338316,-1032.334106,895.101318,160.935394,-1249.534912,894.554443,-18.572464,-1220.956421,894.7146,199.525177,-1107.51123,449.063416,157.080109,-989.477844,115.30912,-48.601288,-1316.166992,472.315826,-19.891237,-1260.879395,89.250526
185.666672,-1042.682129,901.31842,-20.472727,-1042.699585,894.510193,160.916611,-1258.974731,893.434753,-18.736559,-1231.305298,893.540894,199.958466,-1112.557861,449.082764,157.712646,-990.41864,116.578262,-46.79353,-1325.259521,471.797791,-18.527006,-1288.99939,87.385994
184.34964,-1052.20105,901.03009,-21.782637,-1053.298462,893.868958,160.966797,-1268.50061,892.3396,-18.846437,-1241.912354,892.252869,200.361282,-1117.757935,448.975067,158.343735,-991.386902,117.868935,-45.113018,-1333.945313,471.21637,-16.904795,-1315.744507,86.33165
182.910828,-1061.638428,900.736145,-23.230957,-1064.150146,893.204468,161.094788,-1278.167236,891.243225,-18.891459,-1252.756348,890.874023,200.791397,-1123.379639,448.86731,159.008331,-992.464172,119.252556,-43.382507,-1342.319214,470.628967,-15.180065,-1341.083862,85.943008
181.407272,-1071.381592,900.30542,-24.700407,-1075.162964,892.512146,161.344177,-1287.920044,890.04303,-18.838442,-1263.785156,889.396667,201.16864,-1129.388306,448.627625,159.573959,-993.686646,120.636787,-41.689327,-1350.542725,470.11377,-13.90194,-1362.918701,87.01857
179.857773,-1081.264648,899.825989,-26.223082,-1086.326538,891.776245,161.633881,-1297.808838,888.765625,-18.725599,-1274.915039,887.827759,201.486115,-1135.806519,448.228912,160.081985,-995.129272,122.021614,-40.253525,-1358.926514,469.192017,-11.890118,-1385.06311,86.554657
178.280106,-1091.272461,899.250671,-27.743359,-1097.620361,891.015442,161.911087,-1307.845337,887.506531,-18.606155,-1286.167236,886.289551,201.730972,-1142.688965,447.759613,160.556931,-996.833618,123.49131,-38.879112,-1367.799194,468.214478,-9.963144,-1404.586182,86.87674
176.7789,-1101.446655,898.617493,-29.232576,-1109.021484,890.202515,162.122406,-1318.065674,886.311768,-18.553358,-1297.560791,884.848999,201.9095,-1150.018188,447.288635,160.881866,-998.692627,125.06218,-37.631439,-1376.987671,467.07132,-8.033144,-1421.737305,87.032677
175.373444,-1111.748535,897.998352,-30.600193,-1120.510864,889.333557,162.273346,-1328.503418,885.202637,-18.492062,-1309.009888,883.526489,202.102036,-1157.87085,446.924927,161.276825,-1000.781433,126.869171,-36.910248,-1385.625122,465.969025,-5.838187,-1436.449707,86.67762
174.152649,-1122.395508,897.281555,-31.836788,-1132.114868,888.433228,162.374298,-1339.223022,884.210449,-18.517469,-1320.639038,882.402039,202.312698,-1165.969727,446.431549,161.765106,-1003.048767,128.820938,-35.825397,-1395.966431,464.758911,-3.593792,-1448.470825,85.715302
