hip1x,hip1y,hip1z,hip2x,hip2y,hip2z,hip3x,hip3y,hip3z,lkneex,lkneey,lkneez,lankx,lanky,lankz,rkneex,rkneey,rkneez,rankx,ranky,rankz
31.326439,1756.026001,893.280273,-171.782257,1711.182495,889.085388,-113.308609,1528.017334,874.482483,-154.27124,1435.005127,562.619202,-166.555313,1567.744995,253.856064,89.949547,1587.220459,534.433289,84.605019,1675.37793,217.855515
30.706894,1750.588013,893.08136,-172.245453,1705.637329,888.794739,-113.917358,1522.519653,873.35553,-154.382614,1428.873657,564.616211,-165.619095,1545.061279,251.643356,89.531906,1584.610352,533.551514,84.293152,1674.978882,217.334915
30.042875,1744.974609,892.873047,-172.743958,1699.817993,888.461548,-114.435333,1516.78064,872.217651,-154.3647,1422.932251,566.160461,-164.783066,1523.400024,249.601517,89.113693,1581.886719,532.651611,83.966476,1674.463989,216.806808
29.334465,1739.185547,892.655518,-173.27774,1693.724854,888.085815,-114.862679,1510.799927,871.069153,-154.216446,1417.176392,567.253357,-164.046646,1502.765381,247.728531,88.694992,1579.048706,531.733643,83.625114,1673.832886,216.271545
28.581919,1733.221191,892.429138,-173.846634,1687.358154,887.668213,-115.199913,1504.577881,869.910828,-153.935654,1411.591919,567.898865,-163.408401,1483.167847,246.018616,88.27607,1576.092896,530.79834,83.269402,1673.083862,215.730026
27.785833,1727.081299,892.19458,-174.450302,1680.718994,887.209534,-115.448212,1498.115112,868.744385,-153.519592,1406.151489,568.105469,-162.866013,1464.627197,244.460373,87.857391,1573.012939,529.846802,82.900009,1672.213867,215.18425
26.947338,1720.765869,891.953369,-175.088074,1673.810059,886.711731,-115.609871,1491.41272,867.572754,-152.965714,1400.812744,567.887085,-162.416534,1447.171631,243.035583,87.439583,1569.797241,528.881226,82.518166,1671.217041,214.638077
26.068316,1714.275269,891.707397,-175.758682,1666.63501,886.177856,-115.688744,1484.473755,866.400818,-152.2733,1395.516724,567.265564,-162.056656,1430.837402,241.719101,87.023384,1566.429321,527.905273,82.125809,1670.084595,214.097595
25.151602,1707.609863,891.460022,-176.460144,1659.201172,885.612671,-115.690758,1477.301758,865.235291,-151.445038,1390.193359,566.271179,-161.782745,1415.661621,240.479767,86.609444,1562.885864,526.923706,81.725594,1668.803833,213.571854
24.201143,1700.771484,891.215149,-177.189667,1651.517944,885.022705,-115.624344,1469.902954,864.084961,-150.488617,1384.765015,564.942749,-161.590805,1401.677002,239.282654,86.198151,1559.137207,525.943115,81.321053,1667.358154,213.073227
23.222069,1693.761719,890.977905,-177.943451,1643.599487,884.41687,-115.500725,1462.286499,862.961182,-149.418289,1379.156372,563.327332,-161.476456,1388.904785,238.092514,85.789459,1555.148071,524.971313,80.916473,1665.726685,212.617737
22.220652,1686.58374,890.7547,-178.71698,1635.463623,883.806274,-115.334053,1454.463745,861.877563,-148.256119,1373.300781,561.478333,-161.434723,1377.347534,236.878189,85.382751,1550.878052,524.017883,80.516739,1663.884155,212.225143
21.204184,1679.241943,890.552307,-179.504959,1627.132202,883.204529,-115.141426,1446.449463,860.849731,-147.032608,1367.149536,559.454529,-161.460083,1366.984741,235.616867,84.976906,1546.282227,523.093384,80.127182,1661.80127,211.918793
20.180727,1671.742188,890.37854,-180.301773,1618.631714,882.627197,-114.942566,1438.262085,859.895081,-145.78688,1360.676514,557.318054,-161.546539,1357.769287,234.297852,84.570251,1541.313354,522.209656,79.75322,1659.444946,211.725403
19.158787,1664.091797,890.241638,-181.101669,1609.992065,882.091736,-114.759262,1429.922607,859.032104,-144.566528,1353.880127,555.133972,-161.687973,1349.628174,232.924759,84.160873,1535.922607,521.378845,79.400208,1656.779663,211.674698
18.14694,1656.299927,890.149658,-181.899246,1601.245972,881.617065,-114.614769,1421.454468,858.279907,-143.425873,1346.783325,552.969543,-161.878311,1342.464478,231.515564,83.746979,1530.061035,520.613831,79.073174,1653.767944,211.798782
17.153444,1648.377075,890.110291,-182.689804,1592.428467,881.222168,-114.53286,1412.883667,857.656921,-142.423141,1339.429199,550.892517,-162.111816,1336.162598,230.100891,83.327454,1523.681641,519.927734,78.77684,1650.372192,212.13147
16.18585,1640.334717,890.130615,-183.469543,1583.574707,880.925842,-114.53688,1404.237183,857.180359,-141.615616,1331.876587,548.969482,-162.383087,1330.597168,228.719589,82.902596,1516.740967,519.333557,78.515572,1646.555908,212.707214
15.250678,1632.185425,890.216431,-184.235916,1574.719604,880.744873,-114.648796,1395.542114,856.864685,-141.053696,1324.194092,547.261292,-162.686981,1325.642334,227.413345,82.474838,1509.201538,518.843628,78.293533,1642.285034,213.560013
14.353136,1623.942749,890.371582,-184.987701,1565.895874,880.693115,-114.888206,1386.825439,856.720825,-140.774414,1316.453247,545.817444,-163.018219,1321.182495,226.22023,82.04953,1501.033691,518.46991,78.114677,1637.530029,214.721725
13.49695,1615.619995,890.598328,-185.725143,1557.133301,880.780701,-115.271545,1378.111694,856.754822,-140.796341,1308.725708,544.66864,-163.370667,1317.120117,225.169266,81.635452,1492.217041,518.222839,77.982864,1632.266357,216.220505
12.684278,1607.230835,890.896667,-186.449768,1548.457275,881.012268,-115.811409,1369.424194,856.967712,-141.116653,1301.081177,543.820435,-163.736725,1313.380371,224.277039,81.244972,1482.743408,518.111511,77.901741,1626.476318,218.079071
11.915783,1598.787964,891.264282,-187.164322,1539.88855,881.387329,-116.516068,1360.782593,857.354126,-141.711853,1293.586304,543.250549,-164.108124,1309.911499,223.547043,80.8936,1472.615967,518.143188,77.874542,1620.147827,220.313309
11.190811,1590.304199,891.696472,-187.87233,1531.443237,881.900269,-117.38929,1352.204224,857.903564,-142.541519,1286.303589,542.911987,-164.477646,1306.68042,222.971283,80.598969,1461.851807,518.323669,77.903702,1613.275879,222.930725
10.507703,1581.79126,892.186951,-188.577744,1523.132446,882.539856,-118.430374,1343.702881,858.60022,-143.554214,1279.290405,542.741211,-164.840546,1303.668091,222.532959,80.379265,1450.481323,518.657593,77.990562,1605.860962,225.92955
9.86418,1573.260132,892.727356,-189.284149,1514.963501,883.291504,-119.634476,1335.289917,859.424377,-144.694153,1272.595093,542.669006,-165.195282,1300.864624,222.209579,80.251472,1438.546265,519.148926,78.134972,1597.907959,229.297516
9.257729,1564.721558,893.308838,-189.994446,1506.939819,884.136902,-120.993027,1326.973755,860.353394,-145.907669,1266.252441,542.629822,-165.543213,1298.264771,221.975815,80.229607,1426.100342,519.801453,78.335114,1589.425171,233.011398
8.685961,1556.185303,893.921387,-190.710327,1499.061768,885.056274,-122.494255,1318.760376,861.363342,-147.148804,1260.281616,542.570374,-165.887985,1295.865112,221.806244,80.323318,1413.205566,520.618164,78.587364,1580.423462,237.036499
8.146868,1547.6604,894.555298,-191.431915,1491.327637,886.028259,-124.123878,1310.653442,862.429382,-148.383209,1254.682617,542.453247,-166.234619,1293.662109,221.67717,80.536705,1399.92981,521.601746,78.886154,1570.913818,241.326813
7.638977,1539.155762,895.201111,-192.15773,1483.733154,887.03186,-125.865547,1302.654785,863.52771,-149.590363,1249.437744,542.257996,-166.588791,1291.64917,221.568283,80.867821,1386.343506,522.753906,79.224121,1560.907227,245.825607
7.161394,1530.679688,895.849976,-192.884735,1476.273315,888.046631,-127.701416,1294.764038,864.635742,-150.763123,1244.513306,541.97876,-166.956024,1289.817261,221.463593,81.308334,1372.517334,524.074951,79.592445,1550.414795,250.466797
6.71375,1522.240479,896.494263,-193.608566,1468.94104,889.053345,-129.61261,1286.980103,865.733215,-151.905746,1239.864258,541.619873,-167.34053,1288.153198,221.351639,81.843895,1358.519775,525.56366,79.9813,1539.445679,255.176895
6.296083,1513.845703,897.12677,-194.323883,1461.729004,890.034546,-131.57962,1279.300293,866.802124,-153.029648,1235.440186,541.192139,-167.744507,1286.641235,221.22554,82.454727,1344.414429,527.216675,80.3806,1528.009033,259.877716
5.90867,1505.502441,897.741577,-195.024796,1454.62915,890.974854,-133.582672,1271.721069,867.827209,-154.149292,1231.189697,540.708252,-168.167206,1285.26416,221.082596,83.116753,1330.259521,529.028503,80.780731,1516.114014,264.489471
5.551853,1497.218018,898.333191,-195.705276,1447.632568,891.86145,-135.601959,1264.238403,868.796082,-155.277588,1227.065674,540.180481,-168.604843,1284.003662,220.923401,83.802971,1316.107178,530.991638,81.173248,1503.768921,268.934296
5.225879,1488.998657,898.896973,-196.35965,1440.730103,892.683533,-137.618103,1256.847412,869.698914,-156.422729,1223.027466,539.619324,-169.050812,1282.841309,220.751083,84.484993,1302.002075,533.096619,81.551598,1490.983154,273.139313
4.930777,1480.850464,899.428894,-196.982742,1433.912354,893.433044,-139.612381,1249.543335,870.528503,-157.585999,1219.043579,539.032288,-169.496582,1281.759277,220.570389,85.134735,1287.98291,535.332642,81.911461,1477.767212,277.039429
4.666285,1472.778687,899.925232,-197.570282,1427.170288,894.104187,-141.566895,1242.321411,871.28009,-158.760742,1215.091431,538.424438,-169.93251,1280.738647,220.386826,85.725845,1274.082031,537.687378,82.251053,1464.133667,280.579834
4.431832,1464.788086,900.38269,-198.118988,1420.494385,894.693542,-143.465088,1235.176392,871.950745,-159.932755,1211.157959,537.799194,-170.349045,1279.760742,220.205963,86.234848,1260.326294,540.147461,82.571075,1450.096802,283.717133
4.226573,1456.88269,900.798767,-198.626541,1413.876099,895.199768,-145.291916,1228.104126,872.539429,-161.081467,1207.236572,537.158997,-170.737305,1278.806519,220.032822,86.642097,1246.737427,542.698914,82.874474,1435.674194,286.420288
4.049464,1449.065918,901.171265,-199.09166,1407.307007,895.623352,-147.034241,1221.099731,873.046326,-162.181976,1203.32666,536.506042,-171.089737,1277.85791,219.871536,86.93219,1233.333618,545.326843,83.166161,1420.885254,288.670776
3.899373,1441.340088,901.49884,-199.513763,1400.779785,895.966492,-148.681107,1214.159668,873.473022,-163.207825,1199.430786,535.84259,-171.400528,1276.897705,219.725052,87.094223,1220.129395,548.016113,83.452507,1405.752197,290.46228
3.775202,1433.707031,901.780823,-199.892944,1394.288452,896.232483,-150.223877,1207.280029,873.821533,-164.133957,1195.55249,535.171265,-171.66571,1275.911377,219.595261,87.121834,1207.136963,550.751709,83.740974,1390.299438,291.799561
3.676003,1426.167603,902.017334,-200.229752,1387.827271,896.425781,-151.65654,1200.458252,874.094604,-164.939285,1191.693848,534.494812,-171.883377,1274.887207,219.482925,87.012993,1194.36731,553.518311,84.039536,1374.552856,292.697388
3.60109,1418.721924,902.209229,-200.524902,1381.392578,896.55127,-152.975525,1193.691406,874.294983,-165.60881,1187.855103,533.816162,-172.053436,1273.81665,219.388016,86.769684,1181.829224,556.300903,84.35627,1358.539307,293.178864
3.550116,1411.369263,902.357849,-200.779175,1374.981689,896.614197,-154.179855,1186.977417,874.426208,-166.134552,1184.033081,533.138428,-172.177658,1272.69519,219.309875,86.397606,1169.531616,559.084412,84.69883,1342.286987,293.273712
3.523124,1404.107666,902.465515,-200.99324,1368.592529,896.619934,-155.270706,1180.314453,874.491455,-166.515579,1180.220825,532.464905,-172.259094,1271.520142,219.247482,85.905693,1157.48291,561.854004,85.074028,1325.823853,293.016876
3.520571,1396.934814,902.534363,-201.167496,1362.224243,896.573853,-156.251221,1173.700439,874.493958,-166.757416,1176.409424,531.798462,-172.301743,1270.29187,219.199738,85.305862,1145.691772,564.594543,85.487564,1309.178955,292.446442
3.543306,1389.84729,902.5672,-201.302063,1355.876465,896.481079,-157.126022,1167.133789,874.437134,-166.871063,1172.589478,531.141541,-172.310043,1269.013306,219.165695,84.61245,1134.167114,567.290649,85.943657,1292.381104,291.602417
3.592521,1382.840454,902.566589,-201.39682,1349.54895,896.346985,-157.900803,1160.612549,874.324402,-166.871704,1168.751587,530.495483,-172.288315,1267.688354,219.144775,83.841789,1122.918457,569.926514,86.444824,1275.459961,290.525513
3.669679,1375.909424,902.535156,-201.451294,1343.241699,896.176331,-158.581711,1154.134277,874.158875,-166.777481,1164.889404,529.860962,-172.240341,1266.323486,219.136932,83.011574,1111.955811,572.485413,86.991814,1258.446045,289.256134
3.77641,1369.048462,902.474915,-201.46492,1336.953857,895.97406,-159.175003,1147.695923,873.943604,-166.608276,1160.998413,529.237976,-172.169083,1264.925537,219.142776,82.140419,1101.289429,574.949829,87.583458,1241.370361,287.833221
3.91441,1362.251099,902.387695,-201.436951,1330.68457,895.744873,-159.686584,1141.293945,873.68158,-166.384644,1157.076538,528.625305,-172.076416,1263.502563,219.163498,81.247238,1090.929443,577.301086,88.216637,1224.265015,286.293976
4.085337,1355.510376,902.274414,-201.36673,1324.431152,895.493469,-160.121536,1134.924561,873.375671,-166.126587,1153.124512,528.020935,-171.963333,1262.063477,219.200851,80.350853,1080.885986,579.52002,88.886292,1207.162842,284.673096
4.29073,1348.818848,902.135803,-201.253647,1318.19104,895.224304,-160.483994,1128.582397,873.028076,-165.852203,1149.146484,527.421692,-171.830032,1260.617188,219.25708,79.469414,1071.168335,581.58667,89.585472,1190.098022,283.002197
4.531952,1342.169067,901.971313,-201.097305,1311.959717,894.941833,-160.776947,1122.262207,872.641235,-165.576004,1145.148438,526.824402,-171.676254,1259.171875,219.334732,78.619972,1061.78418,583.481018,90.305519,1173.105225,281.30957
4.810181,1335.552856,901.780334,-200.897491,1305.731812,894.649963,-161.002167,1115.957764,872.21698,-165.307526,1141.138672,526.226196,-171.501709,1257.734619,219.436493,77.818115,1052.739136,585.183472,91.036201,1156.220337,279.620026
5.126426,1328.961792,901.561096,-200.654037,1299.500854,894.352661,-161.160385,1109.662109,871.756897,-165.050308,1137.126831,525.625183,-171.30658,1256.311401,219.564972,77.077652,1044.037231,586.675537,91.766037,1139.479126,277.954376
5.48159,1322.387939,901.311462,-200.366974,1293.259766,894.053345,-161.251221,1103.367554,871.262512,-164.802216,1133.121704,525.020569,-171.091858,1254.905762,219.72258,76.410271,1035.678833,587.940125,92.482651,1122.919434,276.329742
5.876552,1315.822144,901.028748,-200.036148,1287.000488,893.7547,-161.27356,1097.066895,870.734558,-164.556168,1129.131714,524.412781,-170.859665,1253.518433,219.911636,75.825455,1027.661865,588.961914,93.173187,1106.578735,274.759186
6.312266,1309.255737,900.709778,-199.661377,1280.714722,893.459473,-161.225677,1090.751343,870.174255,-164.302094,1125.161743,523.803528,-170.61348,1252.148438,220.134216,75.330276,1019.980652,589.728027,93.824791,1090.495117,273.251221
6.789854,1302.679565,900.351135,-199.24202,1274.393921,893.169495,-161.105438,1084.412598,869.582092,-164.028992,1121.213257,523.195374,-170.358154,1250.791382,220.392395,74.929459,1012.62677,590.22821,94.424973,1074.706665,271.810303
7.310687,1296.084106,899.949097,-198.777191,1268.028931,892.886292,-160.91069,1078.04187,868.958923,-163.726852,1117.282349,522.591614,-170.099609,1249.441528,220.688278,74.625336,1005.588196,590.45459,94.962036,1059.250977,270.43631
7.876433,1289.459961,899.500244,-198.265381,1261.611206,892.610718,-160.639206,1071.630859,868.305359,-163.388504,1113.362183,521.995422,-169.844727,1248.090088,221.024124,74.418007,998.849976,590.4021,95.425407,1044.164307,269.125122
8.489086,1282.796997,899.00116,-197.704681,1255.132324,892.343201,-160.289032,1065.170166,867.622192,-163.010849,1109.442383,521.409729,-169.600906,1246.727173,221.402161,74.305458,992.394165,590.068848,95.805878,1029.481812,267.868683
9.150931,1276.085327,898.449158,-197.092728,1248.583374,892.083984,-159.858597,1058.651245,866.910339,-162.595291,1105.509888,520.836243,-169.375641,1245.341797,221.824615,74.28376,986.199829,589.455566,96.095963,1015.235779,266.65567
9.864497,1269.314819,897.842102,-196.426697,1241.956177,891.832642,-159.346741,1052.064941,866.170776,-162.147247,1101.549194,520.275635,-169.176224,1243.921265,222.29335,74.34729,980.243103,588.566284,96.290123,1001.455994,265.472168
10.632457,1262.474976,897.17865,-195.703537,1235.242676,891.588501,-158.752899,1045.4021,865.404785,-161.675018,1097.542358,519.72821,-169.009232,1242.453125,222.809784,74.488953,974.496948,587.408508,96.385017,988.169128,264.302551
11.457523,1255.55603,896.458801,-194.92012,1228.434814,891.350708,-158.077103,1038.653687,864.613953,-161.188095,1093.46936,519.193787,-168.880341,1240.924194,223.374619,74.700493,968.931885,585.992981,96.379723,975.397766,263.130341
12.342309,1248.547485,895.683533,-194.07341,1221.524658,891.118286,-157.320007,1031.810913,863.799805,-160.695648,1089.308594,518.672241,-168.793991,1239.322144,223.987732,74.972641,963.515808,584.334656,96.275909,963.160278,261.939209
13.2892,1241.439331,894.855286,-193.160568,1214.504883,890.889954,-156.483017,1024.864258,862.964539,-160.205185,1085.038574,518.163513,-168.753113,1237.634644,224.648148,75.295593,958.213928,582.451843,96.077995,951.470703,260.713806
14.300238,1234.222168,893.977905,-192.179184,1207.36792,890.664429,-155.568207,1017.805481,862.110413,-159.721878,1080.639038,517.667297,-168.759155,1235.850464,225.354187,75.659271,952.989502,580.366699,95.792999,940.338196,259.440796
15.377003,1226.886475,893.056458,-191.127457,1200.106812,890.440674,-154.578415,1010.625488,861.240662,-159.248291,1076.092407,517.183533,-168.811752,1233.95874,226.10376,76.053871,947.803955,578.104858,95.430527,929.766785,258.109406
16.520525,1219.423584,892.097656,-190.004211,1192.715454,890.217407,-153.517197,1003.316406,860.358704,-158.784836,1071.383179,516.71167,-168.908859,1231.949951,226.89476,76.470306,942.617249,575.695068,95.002342,919.755554,256.712158
17.731192,1211.825073,891.109375,-188.809113,1185.187988,889.993713,-152.388931,995.871033,859.469177,-158.330322,1066.497803,516.250488,-169.04657,1229.815186,227.725494,76.900757,937.388245,573.168823,94.522186,910.29834,255.245865
19.00869,1204.083862,890.100769,-187.542648,1177.519775,889.768921,-151.198608,988.282654,858.577271,-157.882523,1061.424316,515.798767,-169.21933,1227.545898,228.594788,77.339188,932.076172,570.559387,94.005302,901.383545,253.711761
20.351933,1196.19458,889.082336,-186.206345,1169.70752,889.542358,-149.951996,980.546143,857.689514,-157.438843,1056.14978,515.353882,-169.420364,1225.132813,229.502502,77.781769,926.64093,567.901611,93.468224,892.995117,252.116028
21.759012,1188.1521,888.065308,-184.802689,1161.749268,889.313843,-148.655258,972.657593,856.813477,-156.996307,1050.660767,514.912598,-169.642166,1222.565674,230.449661,78.227287,921.044495,565.23114,92.928528,885.112366,250.469528
23.227177,1179.954224,887.062134,-183.33522,1153.644409,889.083435,-147.315033,964.615234,855.958191,-156.55188,1044.94104,514.471375,-169.877167,1219.830933,231.438797,78.677414,915.251953,562.583496,92.404442,877.710938,248.787689
24.752817,1171.599976,886.085571,-181.808487,1145.394653,888.85144,-145.938095,956.419128,855.133484,-156.102463,1038.971313,514.026245,-170.1185,1216.911499,232.474319,79.136749,909.233337,559.994202,91.914459,870.763672,247.089386
26.331482,1163.091797,885.148926,-180.228012,1137.00415,888.618835,-144.531219,948.072021,854.350525,-155.645111,1032.727173,513.574158,-170.360474,1213.784302,233.562546,79.612877,902.963928,557.497375,91.476845,864.24115,245.396072
27.957928,1154.433228,884.265869,-178.600174,1128.478638,888.386475,-143.100967,939.579163,853.621643,-155.177261,1026.177246,513.113281,-170.599319,1210.419067,234.711975,80.116051,896.426758,555.125916,91.108894,858.112732,243.730225
29.626175,1145.631958,883.449646,-176.932114,1119.827515,888.156433,-141.653381,930.949219,852.959839,-154.697342,1019.284119,512.643188,-170.833344,1206.776855,235.93306,80.658829,889.612976,552.909973,90.826164,852.347778,242.113602
31.329628,1136.697266,882.713379,-175.2314,1111.062378,887.930603,-140.194077,922.193176,852.378479,-154.205231,1012.000793,512.165894,-171.063187,1202.810303,237.238022,81.255325,882.52301,550.876953,90.641495,846.916199,240.565674
33.06115,1127.642456,882.069092,-173.506027,1102.197388,887.711975,-138.727966,913.325378,851.891052,-153.702866,1004.273438,511.685181,-171.291473,1198.462646,238.640213,81.920219,875.167175,549.050232,90.564194,841.789185,239.101807
34.81321,1118.482666,881.528076,-171.764099,1093.249512,887.503479,-137.259262,904.362732,851.510498,-153.194595,996.04126,511.206635,-171.522522,1193.669434,240.153656,82.667595,867.566101,547.448059,90.599251,836.940918,237.732239
36.577995,1109.23584,881.099731,-170.013672,1084.237183,887.308594,-135.791473,895.324402,851.24884,-152.687256,987.240784,510.737366,-171.761719,1188.361328,241.792068,83.509499,859.750122,546.08313,90.746933,832.348938,236.461121
38.347538,1099.922119,880.791748,-168.262543,1075.18103,887.130554,-134.327484,886.231262,851.11615,-152.19014,977.810059,510.285309,-172.014603,1182.465942,243.567963,84.454445,851.759644,544.961365,91.002594,827.994873,235.287033
40.113846,1090.563232,880.609558,-166.518097,1066.10144,886.972229,-132.869476,877.105103,851.1203,-151.714294,967.694519,509.858978,-172.285965,1175.913086,245.491608,85.506142,843.644104,544.080872,91.357025,823.865662,234.203995
41.868992,1081.181885,880.556152,-164.787262,1057.019775,886.836426,-131.419128,867.968262,851.266357,-151.271713,956.852539,509.466644,-172.578766,1168.638672,247.569916,86.662354,835.460815,543.431335,91.796951,819.953064,233.203125
43.605194,1071.802124,880.631775,-163.076431,1047.956055,886.724487,-129.977478,858.842102,851.556396,-150.873932,945.262024,509.116577,-172.893295,1160.589233,249.805527,87.914543,827.27417,542.994629,92.306038,816.254333,232.274078
45.314816,1062.447754,880.833679,-161.391434,1038.928833,886.637207,-128.54512,849.746826,851.989136,-150.53006,932.923706,508.816833,-173.226181,1151.72522,252.195984,89.248085,819.152405,542.744751,92.866226,812.770813,231.406326
46.990322,1053.142578,881.15625,-159.737839,1029.95459,886.57428,-127.122032,840.700623,852.560242,-150.244858,919.864746,508.576263,-173.570023,1142.024902,254.733292,90.643349,811.165405,542.650574,93.45916,809.507751,230.589859
48.624218,1043.909302,881.591675,-158.121063,1021.046509,886.534424,-125.70752,831.719299,853.26239,-150.016891,906.137878,508.405579,-173.913376,1131.485596,257.403473,92.077324,803.380249,542.677551,94.067413,806.471863,229.815994
50.208874,1034.770264,882.129272,-156.546707,1012.215271,886.515991,-124.300278,822.815796,854.085999,-149.837265,891.819641,508.318481,-174.241379,1120.124146,260.186432,93.525597,795.857666,542.791138,94.675491,803.670471,229.077927
51.736477,1025.74585,882.756714,-155.020828,1003.46814,886.516846,-122.898193,814.000305,855.019775,-149.689819,877.006775,508.332916,-174.536636,1107.976196,263.056183,94.964386,788.64856,542.958496,95.270454,801.108521,228.370865
53.199001,1016.855713,883.460022,-153.550064,994.809631,886.535461,-121.498459,805.280212,856.051025,-149.552139,861.809998,508.470825,-174.780624,1095.094971,265.980408,96.372421,781.791443,543.151672,95.842308,798.788025,227.69191
54.588223,1008.116699,884.224121,-152.141663,986.241272,886.570435,-120.097534,796.660461,857.16626,-149.398071,846.348389,508.757233,-174.955078,1081.546021,268.920685,97.732475,775.310852,543.347229,96.384079,796.705872,227.039612
55.895916,999.544189,885.033142,-150.803421,977.762695,886.621826,-118.691322,788.144348,858.351379,-149.201065,830.742126,509.218323,-175.043152,1067.404907,271.832672,99.03228,769.217834,543.527161,96.891411,794.85437,226.41362
57.114109,991.151001,885.871033,-149.543335,969.371826,886.690125,-117.275475,779.733459,859.591858,-148.937546,815.104736,509.878693,-175.030106,1052.749878,274.666016,100.264793,763.510315,543.677795,97.36203,793.220581,225.814285
58.235386,982.94751,886.722046,-148.369156,961.065979,886.776855,-115.845642,771.428955,860.872986,-148.589798,799.537476,510.758148,-174.903824,1037.657959,277.364716,101.427811,758.175293,543.789001,97.794991,791.787354,225.242294
59.253231,974.941895,887.57074,-147.288071,952.842468,886.883789,-114.398018,763.231384,862.179443,-148.14743,784.124207,511.869446,-174.654587,1022.198425,279.868134,102.523026,753.191895,543.853271,98.190018,790.534119,224.698578
60.16238,967.139221,888.402893,-146.305954,944.698792,887.01239,-112.929825,755.141785,863.496155,-147.607285,768.929626,513.216248,-174.274719,1006.429077,282.112366,103.554955,748.532959,543.864563,98.547005,789.437988,224.183899
60.959064,959.542664,889.205322,-145.4272,936.63385,887.163635,-111.439842,747.161621,864.807312,-146.971893,753.999084,514.793091,-173.75798,990.393982,284.032562,104.529526,744.167969,543.818115,98.865784,788.474548,223.698761
61.641193,952.15271,889.967041,-144.654312,928.647583,887.336853,-109.928894,739.292908,866.097351,-146.247528,739.361023,516.585693,-173.099274,974.122192,285.566162,105.452881,740.065063,543.710449,99.146133,787.61853,223.243057
62.208473,944.967834,890.678406,-143.987717,920.741699,887.529785,-108.400108,731.538269,867.350708,-145.441849,725.030273,518.573303,-172.294418,957.629211,286.656921,106.330299,736.191467,543.539246,99.387848,786.84436,222.815918
62.662342,937.984192,891.332153,-143.425751,912.919312,887.738281,-106.859108,723.900879,868.552307,-144.562134,711.012268,520.73053,-171.340607,940.918762,287.258484,107.16539,732.51532,543.303467,99.590836,786.127563,222.415634
63.005871,931.196228,891.922974,-142.964828,905.184692,887.956299,-105.313828,716.383606,869.68811,-143.614166,697.30719,523.03064,-170.236633,923.985962,287.33786,107.959587,729.005615,543.003967,99.755295,785.444153,222.03981
63.243546,924.596497,892.447571,-142.599655,897.542969,888.176575,-103.774178,708.989685,870.744507,-142.601471,683.913147,525.446899,-168.983337,906.820068,286.877899,108.712112,725.632751,542.643311,99.881653,784.772461,221.685349
63.380951,918.175903,892.904724,-142.323669,889.999573,888.390686,-102.251419,701.721252,871.7099,-141.525406,670.828796,527.954041,-167.583755,889.407959,285.87854,109.420258,722.368469,542.225769,99.970596,784.093384,221.348755
63.424492,911.923828,893.294373,-142.129379,882.559448,888.589783,-100.757484,694.579468,872.573547,-140.385406,658.054443,530.529358,-166.042908,871.73645,284.356995,110.079887,719.186768,541.757019,100.023087,783.390869,221.026428
63.380978,905.828247,893.618408,-142.00885,875.22644,888.765564,-99.304153,687.56427,873.326721,-139.179688,645.593201,533.1521,-164.367325,853.794739,282.346405,110.686218,716.06427,541.24353,100.040314,782.652893,220.714798
63.257351,899.876038,893.879211,-141.954147,868.002625,888.909973,-97.902206,680.673218,873.962097,-137.905975,633.451599,535.803101,-162.56424,835.5755,279.894196,111.234581,712.980896,540.692322,100.023743,781.871277,220.410461
63.060345,894.05304,894.080444,-141.957718,860.887634,889.016235,-96.560684,673.902283,874.474121,-136.562027,621.639771,538.463379,-160.641098,817.076965,277.059875,111.721115,709.920593,540.110168,99.975121,781.041565,220.110535
62.796265,888.343994,894.226196,-142.012527,853.878113,889.078674,-95.286224,667.244568,874.858521,-135.146378,610.172363,541.113525,-158.605209,798.304504,273.912415,112.14341,706.871826,539.503174,99.896461,780.16333,219.812485
62.470818,882.732849,894.320557,-142.112411,846.967224,889.092896,-94.082634,660.690674,875.112549,-133.658768,599.068237,543.732056,-156.463303,779.271606,270.527313,112.50106,703.827637,538.876526,99.78994,779.239807,219.514313
62.089039,877.203247,894.367737,-142.252075,840.144409,889.055786,-92.950546,654.228699,875.23468,-132.10051,588.349731,546.294434,-154.221527,760.001587,266.98407,112.795952,700.785767,538.234497,99.657883,778.2771,219.214447
61.655289,871.737671,894.372009,-142.427063,833.395569,888.964966,-91.887383,647.844055,875.224304,-130.474564,578.042664,548.772522,-151.885513,740.528442,263.363068,113.03228,697.747803,537.579529,99.502617,777.283508,218.911758
61.173344,866.318237,894.336853,-142.633698,826.703247,888.81897,-90.887489,641.519897,875.082153,-128.785812,568.173462,551.133423,-149.460297,720.897095,259.742432,113.216484,694.718994,536.91333,99.326302,776.269409,218.605286
60.646496,860.926758,894.265564,-142.868896,820.046692,888.616943,-89.942383,635.237305,874.809631,-127.04055,558.767273,553.340454,-146.950729,701.163757,256.195831,113.356766,691.706665,536.236084,99.13092,775.245789,218.294312
60.077789,855.54425,894.160889,-143.130051,813.402588,888.357971,-89.041267,628.975464,874.40918,-125.246124,549.84491,555.35376,-144.361557,681.396484,252.78949,113.462593,688.718872,535.546814,98.918083,774.22345,217.978119
59.470226,850.151855,894.024597,-143.414703,806.745972,888.041565,-88.171608,622.712463,873.884338,-123.410072,541.420349,557.13208,-141.697876,661.673279,249.580276,113.543983,685.76355,534.843811,98.689018,773.212158,217.655991
58.827034,844.729919,893.858582,-143.720398,800.050476,887.667053,-87.319748,616.425659,873.239502,-121.539383,533.497009,558.634705,-138.965485,642.08252,246.613693,113.610924,682.846313,534.124634,98.44458,772.219849,217.327133
58.151951,839.258911,893.664063,-144.044266,793.289917,887.233948,-86.471642,610.09198,872.48053,-119.639679,526.066101,559.824158,-136.171432,622.71991,243.922485,113.672714,679.969421,533.386536,98.185265,771.251526,216.990768
57.449436,833.719238,893.441895,-144.382874,786.438538,886.742432,-85.613594,603.689209,871.61438,-117.714622,519.103882,560.669434,-133.324249,603.687317,241.525665,113.737396,677.130493,532.627014,97.911362,770.309021,216.646301
56.724964,828.091858,893.193542,-144.731979,779.472473,886.192871,-84.73291,597.195435,870.650024,-115.765541,512.570313,561.148193,-130.434555,585.090088,239.428131,113.81134,674.321289,531.84375,97.623169,769.390198,216.293488
55.985142,822.357666,892.920227,-145.086304,772.3703,885.586975,-83.818626,590.590576,869.598145,-113.791389,506.408264,561.250061,-127.515373,567.03363,237.620987,113.898933,671.527588,531.035278,97.321205,768.488708,215.932831
55.237808,816.498901,892.624512,-145.439514,765.114014,884.927856,-82.862007,583.856323,868.471436,-111.789116,500.543549,560.978699,-124.582565,549.620605,236.082611,114.002457,668.728271,530.201477,97.006577,767.593384,215.565857
54.492023,810.49884,892.309326,-145.784195,757.689636,884.220703,-81.856995,576.976868,867.284851,-109.754295,494.886292,560.353271,-121.655228,532.947327,234.780319,114.122314,665.896729,529.343628,96.681236,766.68866,215.195648
53.757912,804.34259,891.979187,-146.112045,750.087891,883.472717,-80.800659,569.939087,866.055603,-107.682274,489.33429,559.408325,-118.756004,517.100403,233.672974,114.257294,662.999756,528.464722,96.348282,765.754333,214.826996
53.046448,798.017212,891.640137,-146.414108,742.304321,882.693909,-79.693245,562.73291,864.80304,-105.569466,483.777588,558.191956,-115.911057,502.153625,232.714005,114.405167,659.999695,527.570435,96.012039,764.766052,214.466995
52.369038,791.512329,891.299744,-146.681244,734.339111,881.896912,-78.538307,555.352234,863.548462,-103.415031,478.105011,556.763306,-113.14975,488.165283,231.855179,114.563385,656.85437,526.668213,95.678093,763.69519,214.124969
51.737129,784.82019,890.967224,-146.904633,726.197937,881.097351,-77.342613,547.794312,862.314697,-101.222771,472.211914,555.187744,-110.503975,475.175568,231.050491,114.729652,653.51886,525.768005,95.353119,762.509705,213.812881
51.161724,777.936523,890.653748,-147.076202,717.891052,880.313904,-76.11599,540.060791,861.125732,-99.003448,466.008698,553.532654,-108.007225,463.205475,230.259811,114.902496,649.945923,524.881775,95.04483,761.174377,213.545258
50.652924,770.859741,890.371521,-147.18927,709.432739,879.56781,-74.871002,532.157104,860.006165,-96.777084,459.428497,551.86322,-105.69323,452.256378,229.452469,115.081558,646.087585,524.023499,94.76165,759.651672,213.339172
50.219505,763.591797,890.133972,-147.238907,700.841797,878.882324,-73.622742,524.092773,858.980286,-94.574921,452.434174,550.238403,-103.594475,442.310211,228.609894,115.267624,641.896362,523.208008,94.512497,757.902161,213.214035
49.868607,756.137756,889.955017,-147.222305,692.140015,878.282593,-72.388336,515.880798,858.071838,-92.440384,445.022888,548.709412,-101.740639,433.331329,227.726852,115.462471,637.325745,522.451599,94.306465,755.885498,213.191498
49.60548,748.505432,889.848755,-147.138962,683.352539,877.794312,-71.186661,507.537781,857.302979,-90.42849,437.227234,547.317932,-100.157089,425.269135,226.811569,115.668427,632.331726,521.770203,94.152473,753.561401,213.294937
49.433414,740.705322,889.828552,-146.990631,674.506165,877.44281,-70.037811,499.083069,856.693176,-88.603111,429.11377,546.096069,-98.863388,418.061798,225.883804,115.888069,626.873779,521.17926,94.05912,750.890991,213.549057
49.353653,732.750305,889.90625,-146.78125,665.629761,877.251587,-68.962608,490.538208,856.258911,-87.031921,420.777802,545.06665,-97.871773,411.641022,224.971375,116.124054,620.915649,520.693176,94.034424,747.837708,213.979156
49.365494,724.65509,890.091858,-146.516724,656.752258,877.240723,-67.982002,481.926392,856.012756,-85.779579,412.334229,544.242859,-97.185844,405.9375,224.105453,116.379219,614.426514,520.323914,94.085854,744.369141,214.610214
49.466393,716.435547,890.392578,-146.204575,647.90271,877.425781,-67.116463,473.271576,855.962097,-84.89959,403.906708,543.628296,-96.799377,400.885193,223.315643,116.656898,607.381897,520.080383,94.220276,740.457886,215.466125
49.652096,708.108765,890.812622,-145.853668,639.108948,877.81604,-66.385269,464.597656,856.108948,-84.426491,395.615814,543.215027,-96.695396,396.42511,222.625488,116.961647,599.764771,519.968018,94.444115,736.083069,216.568466
49.916821,699.6922,891.352417,-145.473877,630.397034,878.413635,-65.805954,455.927948,856.449707,-84.36985,387.571289,542.981506,-96.846153,392.506287,222.050018,117.299873,591.566284,519.988403,94.763458,731.231262,217.935883
50.253502,691.203064,892.008423,-145.075668,621.790222,879.213196,-65.393562,447.284515,856.974609,-84.711815,379.86676,542.891479,-97.21489,389.084534,221.594772,117.680389,582.786316,520.13916,95.184059,725.896545,219.583221
50.654079,682.658813,892.77356,-144.669678,613.309326,880.202209,-65.160095,438.688202,857.668457,-85.409058,372.577393,542.89624,-97.759094,386.120026,221.256973,118.114685,573.434204,520.414734,95.711334,720.080627,221.520966
51.109783,674.076172,893.637146,-144.266403,604.97168,881.361145,-65.114075,430.158295,858.511169,-86.39888,365.758301,542.940613,-98.434418,383.574432,221.027039,118.616898,563.528015,520.807312,96.350281,713.792114,223.75473
51.611546,665.471558,894.585571,-143.875427,596.791748,882.665039,-65.260139,421.712524,859.478699,-87.60775,359.4422,542.971069,-99.19812,381.409393,220.890686,119.203194,553.095093,521.30835,97.105415,707.045288,226.284851
52.150318,656.860413,895.602844,-143.505249,588.780518,884.084961,-65.598953,413.366852,860.544739,-88.96064,353.638123,542.942261,-100.011696,379.585602,220.830841,119.890923,542.171143,521.909363,97.98069,699.858582,229.105484
52.717346,648.25769,896.671509,-143.16272,580.946289,885.589478,-66.127106,405.135315,861.681274,-90.389168,348.330719,542.822571,-100.842453,378.062378,220.829498,120.697426,530.798828,522.602661,98.979416,692.252686,232.204254
53.304459,639.677368,897.77356,-142.852982,573.293945,887.146118,-66.83741,397.029999,862.860229,-91.837563,343.481903,542.596008,-101.664246,376.797638,220.869186,121.638641,519.027344,523.382385,100.104019,684.248596,235.561523
53.904217,631.132751,898.89093,-142.579102,565.825623,888.722839,-67.719055,389.060455,864.054688,-93.265709,339.034515,542.261108,-102.457481,375.748505,220.93399,122.727615,506.909851,524.24408,101.355858,675.865845,239.149857
54.510017,622.636414,900.006348,-142.342316,558.540894,890.289185,-68.758171,381.233917,865.239807,-94.649338,334.918518,541.828613,-103.208282,374.871735,221.010529,123.97319,494.502441,525.185059,102.734894,667.120544,242.933945
55.116142,614.200073,901.104004,-142.141953,551.436523,891.817139,-69.938141,373.554932,866.39325,-95.977623,331.057922,541.317017,-103.907166,374.124939,221.088348,125.378624,481.862366,526.203918,104.23938,658.024414,246.870483
55.717762,605.83429,902.169861,-141.975891,544.507141,893.282227,-71.240181,366.025665,867.496338,-97.249176,327.378326,540.748169,-104.5476,373.468384,221.160019,126.940727,469.046143,527.300842,105.865707,648.583801,250.908798
56.310822,597.549133,903.191895,-141.840698,537.745117,894.66333,-72.643768,358.645844,868.533386,-98.467369,323.813049,540.144531,-105.124603,372.866364,221.221146,128.649063,456.108124,528.476379,107.608292,638.799255,254.991531
56.891991,589.353516,904.160095,-141.73204,531.140991,895.943604,-74.127182,351.413361,869.492432,-99.635979,320.307068,539.52533,-105.63385,372.288239,221.26976,130.485855,443.099182,529.732239,109.459656,628.665405,259.056396
57.458511,581.255066,905.066589,-141.645096,524.683228,897.110168,-75.667976,344.323975,870.365051,-100.75563,316.818512,538.906433,-106.071312,371.709229,221.305923,132.426346,430.065399,531.070435,111.410774,618.172302,263.037872
58.008106,573.260681,905.905701,-141.574951,518.35907,898.154419,-77.243416,337.371582,871.14624,-101.821678,313.318054,538.299316,-106.433365,371.109802,221.3311,134.439575,417.04715,532.493164,113.451439,607.305786,266.86972
58.538849,565.375488,906.673767,-141.51683,512.15448,899.071594,-78.83094,330.548706,871.834045,-102.823174,309.786774,537.711853,-106.717285,370.475006,221.347733,136.489655,404.078613,534.002869,115.570724,596.049194,270.487488
59.049152,557.603821,907.368713,-141.466385,506.053925,899.860352,-80.408592,323.846283,872.429016,-103.743439,306.213654,537.148987,-106.921883,369.792999,221.358475,138.53746,391.187469,535.601196,117.757317,584.384644,273.83078
59.537693,549.948364,907.990173,-141.419739,500.041595,900.522766,-81.955444,317.25412,872.933838,-104.561516,302.592865,536.613464,-107.047882,369.05423,221.365936,140.542313,378.395142,537.289185,119.999733,572.295288,276.845642
60.003483,542.410339,908.539185,-141.373672,494.101105,901.063599,-83.452034,310.761353,873.353149,-105.254646,298.921967,536.106018,-107.098274,368.250793,221.372223,142.463943,365.717285,539.066589,122.286469,559.767029,279.486786
60.445934,534.989685,909.017883,-141.325455,488.216187,901.490112,-84.880814,304.356384,873.692261,-105.801033,295.200287,535.625916,-107.078102,367.376099,221.378754,144.26442,353.164978,540.93158,124.605957,546.789734,281.719177
60.864948,527.685059,909.429565,-141.272797,482.371094,901.810852,-86.226616,298.027466,873.95752,-106.182472,291.428528,535.171265,-106.994156,366.424896,221.386276,145.909851,340.745453,542.880676,126.946701,533.359009,283.51947
61.261005,520.493652,909.777954,-141.213669,476.551178,902.035645,-87.476898,291.762878,874.154846,-106.386803,287.608917,534.738708,-106.854332,365.393433,221.394745,147.371826,328.463623,544.908264,129.297256,519.476685,284.876556
61.635273,513.411438,910.067566,-141.146149,470.743134,902.174805,-88.622169,285.551392,874.290527,-106.40979,283.745667,534.323364,-106.667038,364.279694,221.403519,148.628525,316.32309,547.007751,131.646332,505.151642,285.791748
61.989643,506.433319,910.303101,-141.068298,464.935425,902.23877,-89.65593,279.382294,874.369873,-106.256088,279.844696,533.91925,-106.440521,363.083832,221.411652,149.665283,304.327332,549.17041,133.982849,490.399353,286.278076
62.32671,499.553101,910.489624,-140.977966,459.118378,902.237549,-90.574791,273.245758,874.397766,-105.93927,275.913086,533.519714,-106.182503,361.808655,221.41803,150.47496,292.480438,551.386414,136.295975,475.241516,286.359009
62.649742,492.763916,910.631836,-140.872894,453.284363,902.180298,-91.378212,267.132935,874.378296,-105.480858,271.958038,533.118347,-105.899818,360.459778,221.421844,151.057877,280.787903,553.644714,138.575226,459.705109,286.066803
62.962593,486.057922,910.734619,-140.75061,447.427612,902.075745,-92.068108,261.036224,874.31488,-104.908836,267.986053,532.709778,-105.59832,359.045502,221.422806,151.421097,269.256836,555.932922,140.810333,443.821381,285.440155
63.269554,479.427094,910.802307,-140.608459,441.544006,901.931335,-92.648415,254.948883,874.210083,-104.255272,264.00293,532.28949,-105.282951,357.576752,221.42128,151.577942,257.896149,558.237549,142.991364,427.624603,284.52243
63.575275,472.862854,910.838928,-140.44371,435.63089,901.753601,-93.12455,248.865387,874.065796,-103.553612,260.013184,531.854431,-104.957733,356.065582,221.418228,151.546814,246.716553,560.544006,145.108734,411.151245,283.35965
63.884556,466.356354,910.847717,-140.253571,429.686768,901.548279,-93.5028,242.781052,873.883484,-102.835777,256.020508,531.402527,-104.625824,354.52417,221.4151,151.350159,235.730057,562.836609,147.153091,394.439026,281.998505
64.202301,459.898895,910.83136,-140.035309,423.710724,901.320068,-93.789787,236.692108,873.663879,-102.129486,252.027451,530.932678,-104.289459,352.96344,221.413498,151.01326,224.949554,565.098633,149.115601,377.526428,280.48526
64.533386,453.481445,910.791565,-139.78624,417.702576,901.072937,-93.992073,230.595383,873.407715,-101.456039,248.035385,530.444092,-103.949791,351.392181,221.4151,150.56308,214.388397,567.312805,150.987732,360.452759,278.864471
64.882538,447.095123,910.729309,-139.503845,411.662048,900.809998,-94.115746,224.488098,873.114868,-100.828667,244.04451,529.936157,-103.606758,349.816101,221.421387,150.027252,204.059921,569.460999,152.761398,343.257813,277.178101
65.254372,440.73114,910.644653,-139.185745,405.588806,900.533691,-94.166176,218.367798,872.785583,-100.252045,240.053894,529.408447,-103.259018,348.238678,221.433823,149.432968,193.976685,571.524719,154.429031,325.981995,275.464844
65.653267,434.380646,910.53656,-138.829727,399.4823,900.245911,-94.147827,212.23201,872.419556,-99.722664,236.06163,528.860535,-102.90416,346.661011,221.453674,148.806351,184.150284,573.485657,155.983475,308.666626,273.759552
66.083336,428.034912,910.403564,-138.433777,393.341583,899.948059,-94.064217,206.078094,872.016602,-99.230209,232.065216,528.291626,-102.539139,345.082886,221.482483,148.17157,174.590836,575.3255,157.418167,291.353607,272.092773
66.548462,421.685059,910.242981,-137.996094,387.164978,899.641235,-93.917885,199.903168,871.576721,-98.759628,228.061981,527.701477,-102.160904,343.503448,221.521942,147.550568,165.306671,577.02594,158.727066,274.085876,270.490448
67.052261,415.322327,910.051636,-137.515015,380.950317,899.326294,-93.71048,193.703842,871.099854,-98.293457,224.049637,527.090149,-101.767174,341.9216,221.574142,146.962585,156.303879,578.569641,159.904831,256.906677,268.973419
67.598099,408.937683,909.825867,-136.989059,374.694885,899.00415,-93.442886,187.476196,870.586243,-97.814224,220.026566,526.457825,-101.357193,340.336395,221.641602,146.423874,147.586014,579.939758,160.946869,239.859482,267.557159
68.189117,402.522003,909.561523,-136.416824,368.395203,898.67572,-93.115402,181.215698,870.036194,-97.306526,215.991943,525.805969,-100.932236,338.747131,221.727341,145.947739,139.153549,581.120422,161.849487,222.987213,266.25177
68.828232,396.065857,909.25415,-135.797028,362.047455,898.342346,-92.727936,174.917114,869.4505,-96.758797,211.945801,525.136475,-100.495956,337.153412,221.834915,145.544205,131.00354,582.09668,162.609909,206.331848,265.061646
69.518196,389.559723,908.899475,-135.128372,355.647247,898.005432,-92.280266,168.574554,868.830017,-96.164421,207.888733,524.452759,-100.054375,335.554657,221.968536,145.220016,123.129128,582.855225,163.226685,189.933548,263.985809
70.261551,382.993652,908.493042,-134.409607,349.189667,897.666504,-91.772247,162.181427,868.176025,-95.5224,203.821594,523.759094,-99.615524,333.950317,222.133041,144.978714,115.519295,583.384521,163.699677,173.830338,263.018036
71.060699,376.357452,908.030945,-133.639465,342.669769,897.327393,-91.204063,155.730408,867.490234,-94.837303,199.744781,523.061096,-99.18866,332.33905,222.333817,144.820541,108.158607,583.674988,164.030273,158.057587,262.147522
71.917831,369.6409,907.509583,-132.816681,336.08197,896.990051,-90.576317,149.213608,866.774536,-94.118614,195.657349,522.365601,-98.783417,330.718597,222.576553,144.742599,101.027115,583.719849,164.221451,142.647888,261.359039
72.8349,362.833221,906.926208,-131.940018,329.420654,896.656006,-89.890274,142.622437,866.031433,-93.379395,191.556107,521.680054,-98.408653,329.085388,222.866943,144.739014,94.100372,583.515442,164.277893,127.631012,260.634186
73.813599,355.92392,906.278687,-131.008362,322.67981,896.326965,-89.147835,135.947784,865.26355,-92.634422,187.434586,521.012329,-98.071503,327.433899,223.210068,144.801346,87.349731,583.061584,164.2061,113.033974,259.952087
74.85527,348.902161,905.56604,-130.020691,315.853088,896.003662,-88.351631,129.179962,864.47406,-91.898117,183.28212,520.369629,-97.776596,325.756866,223.610123,144.918839,80.742889,582.361694,164.01445,98.881393,259.290527
75.960823,341.757599,904.78833,-128.976379,308.933899,895.686523,-87.504929,122.309029,863.666382,-91.182449,179.08374,519.758423,-97.525803,324.045105,224.069855,145.079086,74.244484,581.423706,163.713257,85.195732,258.626953
77.130653,334.479889,903.946838,-127.874954,301.9151,895.375183,-86.61161,115.324722,862.844238,-90.495384,174.820023,519.182922,-97.31823,322.287384,224.590393,145.268539,67.817024,580.259338,163.315002,71.997589,257.939972
78.364594,327.05954,903.04425,-126.716553,294.789398,895.068542,-85.676033,108.216774,862.011536,-89.840073,170.467804,518.645325,-97.150719,320.470795,225.171112,145.473312,61.421791,578.884644,162.834061,59.30584,257.20993
79.661812,319.487518,902.084656,-125.501724,287.549103,894.764832,-84.702896,100.975121,861.172852,-89.21479,166.000839,518.145447,-97.018501,318.58078,225.809982,145.679962,55.019936,577.319702,162.28688,47.137657,256.420166
81.020744,311.755951,901.073547,-124.231552,280.186371,894.461609,-83.697121,93.590088,860.332764,-88.613846,161.390472,517.680603,-96.916,316.601196,226.503693,145.876465,48.573631,575.587585,161.691452,35.508495,255.55748
82.439056,303.858307,900.018005,-122.907829,272.693451,894.156189,-82.663681,86.052734,859.496765,-88.029053,156.60643,517.246033,-96.837654,314.514526,227.248535,146.053131,42.047134,573.714355,161.0672,24.431866,254.612717
83.913628,295.789581,898.926392,-121.532959,265.062775,893.845703,-81.607407,78.355179,858.670593,-87.451675,151.617508,516.83551,-96.778717,312.301605,228.040771,146.203629,35.407833,571.728271,160.434341,13.918928,253.580994
85.440475,287.546448,897.808533,-120.110069,257.287506,893.527344,-80.53286,70.490952,857.860962,-86.874344,146.391785,516.442139,-96.735962,309.941467,228.877487,146.325729,28.627239,569.658813,159.813278,3.977957,252.462067
87.014832,279.128082,896.67572,-118.643036,249.361694,893.198914,-79.444107,62.455364,857.0755,-86.292694,140.896576,516.058472,-96.708069,307.410645,229.757233,146.421936,21.681866,567.536377,159.224075,-5.38636,251.260162
88.631081,270.535797,895.539917,-117.13649,241.281067,892.858643,-78.344673,54.245953,856.322571,-85.706398,135.098083,515.677307,-96.696022,304.682678,230.680618,146.499817,14.553988,565.391235,158.685562,-14.173666,249.984024
90.28289,261.773804,894.414551,-115.595825,233.043167,892.505981,-77.237305,45.862804,855.611572,-85.119415,128.960709,515.292419,-96.703072,301.727112,231.650925,146.571671,7.232207,563.253662,158.214767,-22.388657,248.646301
91.96328,252.848862,893.313354,-114.027092,224.64801,892.141479,-76.124039,37.308964,854.952393,-84.539505,122.446075,514.897522,-96.734512,298.509216,232.674316,146.654068,-0.288204,561.152832,157.82608,-30.041664,247.263
93.664719,243.77095,892.250793,-112.436958,216.098541,891.766663,-75.006027,28.590729,854.355774,-83.977119,115.512421,514.488037,-96.797256,294.988647,233.76004,146.766922,-8.005201,559.117065,157.530792,-37.149021,245.852432
95.379333,234.552917,891.241333,-110.832558,207.400925,891.384644,-73.883659,19.717859,853.832764,-83.44413,108.114471,514.060242,-96.89933,291.119751,234.920364,146.931808,-15.910084,557.173523,157.336212,-43.733063,244.433884
97.098999,225.210464,890.299316,-109.221283,198.564835,890.999817,-72.756599,10.703658,853.394653,-82.952469,100.203957,513.612549,-97.04924,286.851257,236.17012,147.170563,-23.987806,555.347229,157.245392,-49.821823,243.026123
98.815636,215.76207,889.438354,-107.610596,189.603592,890.617493,-71.62394,1.56491,853.052185,-82.513016,91.731079,513.145508,-97.255409,282.126984,237.526215,147.50322,-32.217415,553.661011,157.256805,-55.448154,241.645813
100.521317,206.228592,888.671021,-106.007782,180.534103,890.244141,-70.484428,-7.678406,852.815918,-82.13475,82.646881,512.662781,-97.525482,276.887238,239.006653,147.946228,-40.57254,552.134644,157.364365,-60.648468,240.306107
102.208527,196.632919,888.008606,-104.419754,171.376373,889.886597,-69.336731,-17.003576,852.694946,-81.824348,72.906075,512.170593,-97.865768,271.070557,240.629425,148.510864,-49.021835,550.78418,157.557892,-65.461044,239.015869
103.870232,186.99939,887.460083,-102.852745,162.153122,889.552185,-68.179611,-26.385798,852.697021,-81.585915,62.470425,511.678925,-98.28051,264.616608,242.411179,149.201889,-57.529331,549.620239,157.823929,-69.924103,237.779556
105.500114,177.353256,887.032532,-101.312271,152.888962,889.24762,-67.01226,-35.798996,852.82782,-81.421257,51.312698,511.200195,-98.771431,257.469391,244.365753,150.016998,-66.054588,548.6474,158.146957,-74.073647,236.598007
107.092598,167.720093,886.72998,-99.802879,143.609467,888.979187,-65.834366,-45.216721,853.090942,-81.330231,39.421295,510.749207,-99.336922,249.580536,246.502762,150.946793,-74.552963,547.862854,158.510468,-77.941658,235.469528
108.642807,158.125244,886.553894,-98.328178,134.340164,888.751953,-64.646286,-54.613056,853.487061,-81.311043,26.80444,510.342285,-99.971603,240.912964,248.826187,151.975784,-82.97599,547.255981,158.898285,-81.554573,234.390915
110.146606,148.593307,886.502808,-96.890923,125.105621,888.569885,-63.448875,-63.963531,854.014526,-81.360153,13.493221,509.997192,-100.665771,231.44339,251.333084,153.083603,-91.272408,546.80896,159.295807,-84.932617,233.358215
111.600273,139.147827,886.572571,-95.493217,115.928299,888.435486,-62.243362,-73.24585,854.668823,-81.471832,-0.45735,509.732666,-101.405281,221.164261,254.01265,154.247116,-99.389748,546.497986,159.690704,-88.09005,232.367554
113.000374,129.810944,886.756653,-94.136902,106.827911,888.349976,-61.031002,-82.440536,855.443298,-81.637482,-14.969395,509.569214,-102.171753,210.084641,256.845276,155.442032,-107.276634,546.295227,160.073044,-91.036072,231.415802
114.343414,120.60318,887.046082,-92.823898,97.820755,888.313599,-59.812767,-91.531219,856.329285,-81.845345,-29.945259,509.529053,-102.943428,198.229996,259.802185,156.644669,-114.885231,546.171509,160.435196,-93.776459,230.50116
115.625565,111.543198,887.430603,-91.556671,88.919342,888.325806,-58.588966,-100.50486,857.316467,-82.080612,-45.272217,509.636475,-103.69635,185.640808,262.845337,157.833572,-122.173721,546.098083,160.771896,-96.314995,229.623245
116.842537,102.647781,887.898193,-90.338486,80.132378,888.385681,-57.359005,-109.351517,858.393372,-82.326462,-60.828362,509.916656,-104.406021,172.370499,265.927643,158.990677,-129.10817,546.049194,161.079727,-98.654907,228.782928
117.989418,93.931602,888.43634,-89.173637,71.465012,888.492371,-56.121304,-118.064087,859.547241,-82.565735,-76.489418,510.394989,-105.048965,158.482559,268.994049,160.102493,-135.663879,546.002319,161.357117,-100.799843,227.981918
119.060844,85.407158,889.031616,-88.067421,62.919296,888.64502,-54.873386,-126.637711,860.764832,-82.783127,-92.135971,511.094513,-105.604202,144.047821,271.983429,161.160751,-141.825806,545.93927,161.603958,-102.754593,227.222519
120.051102,77.084717,889.670593,-87.025902,54.494972,888.842834,-53.61224,-135.069214,862.031494,-82.96727,-107.660332,512.033875,-106.05468,129.141083,274.830505,162.162827,-147.58847,545.845825,161.821136,-104.525581,226.50708
120.954575,68.972153,890.340271,-86.055565,46.190266,889.084839,-52.334858,-143.356461,863.332336,-83.111969,-122.972206,513.224976,-106.387894,113.836197,277.468018,163.111115,-152.955338,545.710876,162.010269,-106.121094,225.837906
121.766075,61.074978,891.027588,-85.162689,38.002777,889.369629,-51.038906,-151.497757,864.651062,-83.216255,-138.002274,514.670715,-106.595695,98.20031,279.827789,164.012222,-157.93779,545.526733,162.173203,-107.551315,225.216827
122.481323,53.396297,891.720642,-84.352913,29.930328,889.694458,-49.723434,-159.491394,865.971191,-83.283234,-152.703415,516.364502,-106.673569,82.288834,281.842834,164.875107,-162.554031,545.288635,162.311798,-108.828323,224.645035
123.097305,45.936798,892.408325,-83.630524,21.971584,890.055298,-48.389557,-167.335388,867.275208,-83.318161,-167.049423,518.290283,-106.619843,66.142761,283.450134,165.709244,-166.827744,544.993896,162.427872,-109.965828,224.123001
123.612602,38.694843,893.080627,-82.998138,14.126516,890.445923,-47.040916,-175.02739,868.545227,-83.326317,-181.031342,520.424316,-106.434921,49.787876,284.594208,166.522659,-170.78685,544.642456,162.523285,-110.978897,223.65036
124.027512,31.666552,893.729309,-82.456367,6.396582,890.858337,-45.683979,-182.564682,869.763489,-83.311218,-194.652695,522.736938,-106.120628,33.23595,285.230896,167.320374,-174.462265,544.23645,162.599747,-111.883392,223.226044
124.344116,24.845896,894.347168,-82.003723,-1.215329,891.28241,-44.327995,-189.94455,870.912537,-83.273521,-207.923767,525.196411,-105.679733,16.487162,285.330475,168.103561,-177.886612,543.779846,162.658951,-112.695427,222.84816
124.566116,18.224888,894.92865,-81.63678,-8.705212,891.706543,-42.984684,-197.164734,871.976257,-83.21093,-220.856918,527.77063,-105.115532,-0.466584,284.88028,168.869339,-181.093231,543.278564,162.702347,-113.430725,222.514267
124.698593,11.793708,895.469666,-81.350517,-16.068455,892.118042,-41.66761,-204.223785,872.939209,-83.118675,-233.462494,530.429382,-104.431473,-17.637978,283.88562,169.611221,-184.114975,542.739563,162.731186,-114.104088,222.22142
124.747627,5.540918,895.967407,-81.138771,-23.300512,892.504028,-40.391396,-211.121643,873.78833,-82.990509,-245.746597,533.145203,-103.630913,-35.040752,282.370056,170.319977,-186.983261,542.170959,162.746307,-114.728928,221.966156
124.719826,-0.546374,896.420654,-80.994759,-30.397665,892.852112,-39.170738,-217.860229,874.512268,-82.819778,-257.709381,535.89386,-102.716797,-52.686504,280.373688,170.984802,-189.726837,541.580872,162.748428,-115.317055,221.744888
124.621902,-6.482325,896.828735,-80.911682,-37.357838,893.151123,-38.019417,-224.443649,875.10144,-82.60038,-269.344818,538.653564,-101.691254,-70.582169,277.951294,171.594727,-192.371094,540.977356,162.738205,-115.878586,221.553787
124.460197,-12.282185,897.191956,-80.88327,-44.181335,893.391052,-36.949318,-230.87883,875.548706,-82.327339,-280.640472,541.403259,-100.555527,-88.728012,275.169098,172.139648,-194.937531,540.367981,162.716553,-116.42205,221.388947
124.240273,-17.962135,897.510925,-80.904243,-50.871582,893.564209,-35.96962,-237.175568,875.848755,-81.997032,-291.578156,544.121643,-99.309929,-107.116455,272.101563,172.611572,-197.443314,539.758667,162.684448,-116.954247,221.246475
123.966675,-23.539141,897.786743,-80.970551,-57.435608,893.664612,-35.086079,-243.346802,875.998108,-81.606934,-302.134369,546.785217,-97.954102,-125.731094,268.827911,173.00531,-199.901733,539.154114,162.642746,-117.480347,221.122421
123.642761,-29.030806,898.020081,-81.079552,-63.88451,893.688171,-34.300644,-249.408508,875.994812,-81.155067,-312.281677,549.367493,-96.487297,-144.546005,265.428864,173.318848,-202.322525,538.557129,162.591995,-118.003838,221.012695
123.270676,-34.455265,898.211304,-81.230003,-70.233589,893.632385,-33.611214,-255.379791,875.838806,-80.63932,-321.990448,551.837524,-94.908852,-163.525116,261.983398,173.553345,-204.712738,537.968445,162.532028,-118.526733,220.912933
122.851387,-39.831089,898.360474,-81.421837,-76.502426,893.496399,-33.011696,-261.282349,875.531433,-80.05661,-331.231476,554.1604,-93.21862,-182.621826,258.565979,173.712997,-207.07753,537.386963,162.462326,-119.049988,220.818542
122.384972,-45.1772,898.467224,-81.655891,-82.714584,893.280212,-32.492313,-267.140472,875.075439,-79.402191,-339.978821,556.297363,-91.417671,-201.778732,255.244232,173.804413,-209.42131,536.809387,162.381866,-119.574013,220.724701
121.87088,-50.512753,898.530579,-81.933418,-88.897232,892.984558,-32.040058,-272.980347,874.475525,-78.669006,-348.213867,558.207397,-89.508957,-220.927856,252.076447,173.835938,-211.748505,536.230835,162.289429,-120.099213,220.626373
121.308281,-55.857105,898.549255,-82.255699,-95.080437,892.610779,-31.639389,-278.829437,873.737671,-77.84716,-355.928802,559.848511,-87.498001,-239.991074,249.110245,173.816879,-214.064682,535.644836,162.183655,-120.626518,220.518661
120.696457,-61.229645,898.521973,-82.623581,-101.296242,892.160583,-31.273014,-284.716003,872.869812,-76.923973,-363.130157,561.181091,-85.393501,-258.881165,246.381058,173.756927,-216.377136,535.043884,162.063461,-121.157845,220.397049
120.035217,-66.649673,898.447815,-83.037094,-107.577606,891.63623,-30.922815,-290.668274,871.88147,-75.884323,-369.841614,562.169983,-83.207794,-277.503265,243.911301,173.665497,-218.695648,534.420227,161.927963,-121.696495,220.257629
119.325226,-72.136223,898.32666,-83.495155,-113.95697,891.040833,-30.570766,-296.713593,870.784363,-74.711639,-376.106293,562.787964,-80.957008,-295.757324,241.710297,173.5513,-221.032761,533.766418,161.776535,-122.247437,220.097321
118.568398,-77.707802,898.159424,-83.995346,-120.465004,890.378479,-30.199854,-302.877472,869.592041,-73.389343,-381.987579,563.018555,-78.661125,-313.540955,239.774567,173.42215,-223.404129,533.075928,161.60878,-122.817726,219.914383
117.768059,-83.382126,897.948914,-84.533752,-127.129211,889.654602,-29.794922,-309.183075,868.32019,-71.902618,-387.568268,562.85907,-76.343575,-330.752563,238.088943,173.28479,-225.828583,532.344543,161.424835,-123.416733,219.708832
116.929161,-89.175774,897.699585,-85.104866,-133.972885,888.876831,-29.343424,-315.650146,866.986572,-70.240425,-392.948608,562.322021,-74.030731,-347.295135,236.628479,173.145004,-228.328018,531.570435,161.225327,-124.056396,219.483109
116.058304,-95.10392,897.418579,-85.701706,-141.014008,888.055237,-28.836033,-322.294586,865.611023,-68.397758,-398.242126,561.437195,-71.751228,-363.079926,235.360703,173.007858,-230.92717,530.755676,161.011902,-124.751465,219.242599
115.163689,-101.179863,897.115417,-86.315826,-148.264771,887.202454,-28.267073,-329.127869,864.215332,-66.377647,-403.570251,560.250671,-69.53492,-378.029877,234.248901,172.877792,-233.653442,529.906189,160.787399,-125.519676,218.996277
114.254936,-107.414787,896.80249,-86.937729,-155.73085,886.333984,-27.634781,-336.156555,862.822937,-64.192879,-409.055573,558.824341,-67.411957,-392.082794,233.255447,172.758865,-236.536499,529.032776,160.556107,-126.382126,218.756851
113.342728,-113.817451,896.49469,-87.557121,-163.411438,885.46875,-26.941393,-343.382263,861.459167,-61.867012,-414.813385,557.232849,-65.411652,-405.193573,232.345291,172.65506,-239.607941,528.150513,160.323868,-127.363312,218.541138
112.438522,-120.393959,896.20929,-88.163452,-171.299377,884.627991,-26.193026,-350.801697,860.149963,-59.43494,-420.943542,555.559814,-63.561337,-417.335938,231.489502,172.570343,-242.900833,527.279114,160.097778,-128.490967,218.369537
111.554031,-127.147675,895.965515,-88.746315,-179.38147,883.835815,-25.399429,-358.406891,858.922119,-56.942398,-427.521271,553.893005,-61.885307,-428.50296,230.667892,172.508575,-246.449326,526.442139,159.885834,-129.795868,218.2659
110.700851,-134.079163,895.783691,-89.296059,-187.639221,883.117981,-24.573595,-366.185547,857.80188,-54.444901,-434.589996,552.318848,-60.403713,-438.70639,229.870682,172.473358,-250.288193,525.66571,159.696686,-131.311218,218.256668
109.889908,-141.18631,895.68457,-89.804161,-196.049622,882.501221,-23.731255,-374.121826,856.814636,-52.0056,-442.155487,550.91626,-59.131542,-447.975067,229.09874,172.467712,-254.452438,524.977539,159.539124,-133.072266,218.370071
109.131134,-148.4646,895.688538,-90.263695,-204.586273,882.012024,-22.890312,-382.197052,855.983643,-49.69212,-450.183197,549.750244,-58.077705,-456.351837,228.362137,172.493774,-258.976837,524.405334,159.421875,-135.115097,218.635193
108.433083,-155.907288,895.814148,-90.669594,-213.220383,881.674866,-22.070196,-390.390594,855.329163,-47.572254,-458.599182,548.866394,-57.24416,-463.889954,227.677261,172.552612,-263.895172,523.974915,159.353302,-137.475571,219.08078
107.802666,-163.505859,896.077271,-91.018883,-221.922089,881.511658,-21.291147,-398.681,854.86731,-45.708595,-467.295258,548.28656,-56.625248,-470.647888,227.062622,172.644455,-269.239807,523.708313,159.34082,-140.187805,219.733887
107.244965,-171.250275,896.490417,-91.310722,-230.661438,881.539001,-20.573523,-407.046387,854.609253,-44.152737,-476.137451,548.005859,-56.207184,-476.684967,226.534714,172.768753,-275.040649,523.622253,159.390839,-143.282852,220.618729
106.763138,-179.129547,897.06134,-91.546455,-239.409561,881.768066,-19.937099,-415.465637,854.560303,-42.939686,-484.977264,547.992432,-55.967983,-482.056824,226.104218,172.925018,-281.324371,523.727295,159.508698,-146.787277,221.75528
106.358391,-187.131927,897.792786,-91.729431,-248.139465,882.203003,-19.400461,-423.918915,854.71991,-42.083523,-493.663605,548.188904,-55.878349,-486.813721,225.774307,173.113281,-288.113464,524.026123,159.698715,-150.722137,223.158463
106.030029,-195.245209,898.681885,-91.864899,-256.82666,882.840637,-18.980427,-432.388062,855.081238,-41.575314,-502.055115,548.519104,-55.904102,-491.000488,225.540543,173.334915,-295.425781,524.51355,159.964096,-155.102203,224.83754
105.775673,-203.45697,899.720032,-91.959549,-265.449493,883.670715,-18.691553,-440.856812,855.631592,-41.384014,-510.031097,548.896362,-56.009834,-494.65921,225.392395,173.59288,-303.273529,525.17749,160.307053,-159.935822,226.795746
105.591454,-211.754669,900.893311,-92.021225,-273.98941,884.676392,-18.545679,-449.31073,856.353088,-41.46072,-517.500122,549.235535,-56.162945,-497.832001,225.315201,173.89212,-311.663055,525.999451,160.728851,-165.225006,229.030487
105.47229,-220.125778,902.183289,-92.058357,-282.431061,885.835205,-18.551619,-457.737305,857.223816,-41.745426,-524.405212,549.462891,-56.336926,-500.56427,225.291977,174.239365,-320.594452,526.956055,161.230392,-170.966187,231.533401
105.412201,-228.557861,903.567139,-92.079575,-290.762299,887.120972,-18.714922,-466.125854,858.218384,-42.175201,-530.726807,549.525757,-56.513142,-502.906097,225.305237,174.642761,-330.061035,528.021362,161.812271,-177.151382,234.290756
105.404533,-237.038605,905.019348,-92.093277,-298.974213,888.50415,-19.0378,-474.467407,859.309753,-42.691837,-536.480713,549.396118,-56.681133,-504.912018,225.338165,175.111313,-340.049438,529.167603,162.475281,-183.769501,237.283646
105.442184,-245.555923,906.512512,-92.107353,-307.060944,889.954224,-19.519144,-482.754456,860.469727,-43.247765,-541.715088,549.071045,-56.837666,-506.640564,225.37558,175.654282,-350.53952,530.367615,163.220352,-190.808273,240.488342
105.51786,-254.097855,908.018555,-92.128937,-315.019531,891.44043,-20.154678,-490.980988,861.670349,-43.809135,-546.502136,548.56842,-56.98497,-508.151581,225.40477,176.280289,-361.504578,531.596008,164.048386,-198.256042,243.87674
105.624207,-262.652588,909.509888,-92.1642,-322.849487,892.933044,-20.93722,-499.141785,862.884827,-44.35651,-550.92981,547.920227,-57.128521,-509.504272,225.415817,176.996552,-372.912262,532.830505,164.960144,-206.103699,247.416595
105.754044,-271.208466,910.960327,-92.218185,-330.552673,894.404236,-21.857025,-507.232788,864.088074,-44.883568,-555.092468,547.165283,-57.274914,-510.75412,225.401871,177.807831,-384.725159,534.052795,165.955688,-214.345963,251.072052
105.900551,-279.754059,912.346008,-92.294762,-338.13269,895.828613,-22.902203,-515.250366,865.25769,-45.394722,-559.08252,546.342773,-57.430019,-511.949829,225.359085,178.715881,-396.902313,535.249878,167.033981,-222.982697,254.803741
106.057442,-288.278137,913.646179,-92.396469,-345.594452,897.184204,-24.059139,-523.191772,866.374451,-45.902214,-562.984375,545.487976,-57.597652,-513.131714,225.286484,179.718506,-409.400391,536.414612,168.19252,-232.019257,258.569275
106.219131,-296.769562,914.843567,-92.524513,-352.943939,898.452576,-25.312908,-531.054016,867.422729,-46.422859,-566.869934,544.629333,-57.778927,-514.329651,225.185715,180.809052,-422.175232,537.545532,169.426987,-241.466629,262.323669
106.380898,-305.217682,915.92511,-92.678764,-360.187469,899.619263,-26.647648,-538.835022,868.390381,-46.974777,-570.796326,543.786987,-57.972221,-515.56311,225.06041,181.975998,-435.182922,538.646851,170.73143,-251.340622,266.020416
106.53891,-313.612366,916.881775,-92.857811,-367.331818,900.674133,-28.046886,-546.532532,869.269226,-47.574242,-574.805054,542.973145,-58.173588,-516.842224,224.915787,183.203125,-448.38147,539.728516,172.098267,-261.661041,269.612061
106.690399,-321.944,917.708862,-93.059067,-374.383759,901.610596,-29.493855,-554.144409,870.054749,-48.232773,-578.922485,542.193115,-58.377487,-518.169189,224.758026,184.469833,-461.731354,540.80481,173.518799,-272.450134,273.051666
106.833611,-330.203674,918.405396,-93.278931,-381.349701,902.426392,-30.971783,-561.669006,870.745361,-48.954914,-583.161133,541.447327,-58.577507,-519.5401,224.593796,185.751816,-475.196136,541.893372,174.983521,-283.730804,276.294006
106.967812,-338.383545,918.974426,-93.512917,-388.235809,903.122375,-32.464188,-569.104736,871.342468,-49.736874,-587.521179,540.733337,-58.767036,-520.947021,224.429718,187.022095,-488.742798,543.014099,176.482437,-295.525085,279.296661
107.093338,-346.476624,919.42157,-93.755905,-395.047302,903.702759,-33.9552,-576.450439,871.849854,-50.5662,-591.99292,540.047424,-58.939793,-522.379517,224.271942,188.25206,-502.341522,544.187744,178.005325,-307.851929,282.021637
107.211464,-354.477112,919.755249,-94.002289,-401.789001,904.173889,-35.429871,-583.705627,872.272522,-51.422676,-596.557068,539.385193,-59.090214,-523.825439,224.125671,189.412659,-515.965271,545.433655,179.541733,-320.726166,284.436035
107.324364,-362.380402,919.985535,-94.246101,-408.464661,904.544434,-36.874485,-590.869751,872.617126,-52.280041,-601.187317,538.742676,-59.21373,-525.272339,223.994995,190.475388,-529.589905,546.769409,181.081146,-334.156799,286.513214
107.435066,-370.18335,920.123535,-94.481186,-415.077423,904.823547,-38.276871,-597.943237,872.890137,-53.108429,-605.851135,538.115417,-59.306892,-526.708374,223.882736,191.413559,-543.192688,548.209167,182.612778,-348.146667,288.233429
107.547287,-377.883911,920.180847,-94.701317,-421.629486,905.021301,-39.626637,-604.927002,873.098389,-53.877026,-610.512146,537.499451,-59.367474,-528.123108,223.790436,192.203201,-556.75293,549.763306,184.125824,-362.69162,289.584747
107.665359,-385.481537,920.169128,-94.900345,-428.122528,905.147583,-40.915367,-611.822388,873.248169,-54.556789,-615.132507,536.89032,-59.394413,-529.508423,223.718582,192.823944,-570.250305,551.438049,185.609497,-377.780304,290.563171
107.793961,-392.976929,920.099426,-95.072296,-434.557526,905.212219,-42.136696,-618.631226,873.345276,-55.122864,-619.675842,536.284546,-59.387733,-530.859192,223.666855,193.259781,-583.665283,553.234741,187.053162,-393.394745,291.172607
107.938034,-400.37207,919.982056,-95.211502,-440.935181,905.223938,-43.286282,-625.356262,873.394592,-55.556515,-624.109741,535.678955,-59.348354,-532.173706,223.634323,193.49942,-596.977966,555.151001,188.446472,-409.510437,291.424683
108.10257,-407.669891,919.826538,-95.312737,-447.256073,905.190979,-44.361698,-632.000305,873.400513,-55.846561,-628.409668,535.071899,-59.277943,-533.453308,223.619659,193.536606,-610.167969,557.179749,189.779572,-426.097321,291.338135
108.292358,-414.874512,919.640625,-95.3713,-453.520721,905.120361,-45.362164,-638.567261,873.366272,-55.990154,-632.560608,534.463013,-59.178734,-534.702271,223.621475,193.370224,-623.214172,559.310547,191.043121,-443.120667,290.937653
108.511848,-421.990875,919.431335,-95.383163,-459.730194,905.018066,-46.288219,-645.061462,873.294861,-55.992863,-636.558777,533.853088,-59.053402,-535.927246,223.638428,193.004059,-636.094421,561.529053,192.228424,-460.541718,290.252869
108.764961,-429.024445,919.203857,-95.345093,-465.886261,904.889404,-47.141392,-651.487671,873.188599,-55.868015,-640.412048,533.244141,-58.905003,-537.135925,223.669403,192.446732,-648.785278,563.817322,193.327408,-478.31897,289.317047
109.054863,-435.981628,918.962219,-95.254768,-471.991516,904.738403,-47.923756,-657.851501,873.049377,-55.635334,-644.138733,532.638245,-58.736862,-538.336914,223.713699,191.711288,-661.262756,566.154541,194.332733,-496.408447,288.166046
109.383926,-442.869049,918.708801,-95.110825,-478.049896,904.568665,-48.637573,-664.159485,872.878601,-55.318985,-647.765808,532.037537,-58.552574,-539.538635,223.770996,190.814651,-673.501526,568.516907,195.237671,-514.764648,286.837097
109.753555,-449.693878,918.444336,-94.912949,-484.066742,904.382751,-49.28495,-670.418518,872.677612,-54.945114,-651.32489,531.44342,-58.355995,-540.748413,223.841522,189.777115,-685.476563,570.878052,196.036224,-533.340759,285.367676
110.164185,-456.463715,918.168335,-94.661858,-490.048828,904.182922,-49.867573,-676.636292,872.447815,-54.539303,-654.848938,530.856506,-58.15126,-541.972778,223.926163,188.621643,-697.162476,573.209534,196.722992,-552.088501,283.794708
110.615303,-463.186493,917.878784,-94.359291,-496.004272,903.970703,-50.386524,-682.821228,872.190002,-54.124214,-658.368958,530.276367,-57.942852,-543.216187,224.026352,187.373138,-708.535034,575.481567,197.293243,-570.95929,282.15387
111.105492,-469.870514,917.572693,-94.007904,-501.942932,903.74762,-50.842197,-688.9823,871.905273,-53.717854,-661.910461,529.701965,-57.735622,-544.481445,224.144287,186.057724,-719.571838,577.663574,197.742691,-589.902893,280.478912
111.632561,-476.524475,917.245789,-93.611092,-507.875671,903.514465,-51.23431,-695.129333,871.594543,-53.332649,-665.492126,529.131714,-57.534847,-545.769958,224.282822,184.701889,-730.25293,579.724915,198.067612,-608.868591,278.801117
112.193703,-483.157471,916.893372,-93.172813,-513.814514,903.272217,-51.562035,-701.272217,871.258911,-52.975292,-669.124329,528.564514,-57.346184,-547.080872,224.445435,183.331802,-740.56189,581.635315,198.264847,-627.80481,277.148651
112.785698,-489.779144,916.509766,-92.69735,-519.772156,903.021484,-51.824169,-707.421509,870.89917,-52.647392,-672.810181,527.999634,-57.175598,-548.412964,224.636078,181.972488,-750.486938,583.366211,198.332077,-646.658997,275.546631
113.405113,-496.399567,916.089355,-92.189072,-525.761841,902.763062,-52.019405,-713.587952,870.516357,-52.346546,-676.546753,527.437439,-57.029202,-549.764099,224.858948,180.647278,-760.02124,584.891235,198.267944,-665.378296,274.016296
114.048584,-503.029419,915.626465,-91.652176,-531.796692,902.497253,-52.146641,-719.782471,870.111328,-52.06781,-680.326599,526.879517,-56.912926,-551.13269,225.118347,179.377151,-769.163818,586.18689,198.072632,-683.909302,272.574738
114.712929,-509.679688,915.115662,-91.090462,-537.889709,902.224487,-52.205242,-726.01593,869.685364,-51.805248,-684.140869,526.328613,-56.832188,-552.518188,225.41832,178.180298,-777.920166,587.232849,197.74791,-702.198792,271.234558
115.395409,-516.361877,914.552002,-90.507164,-544.053223,901.944946,-52.195385,-732.299194,869.239136,-51.553307,-687.981262,525.788635,-56.791508,-553.922058,225.76239,177.07164,-786.302185,588.013062,197.297531,-720.194458,270.003357
116.093826,-523.088074,913.931213,-89.904823,-550.298584,901.658691,-52.118271,-738.643066,868.773987,-51.307903,-691.842163,525.263367,-56.794136,-555.347595,226.153473,176.062592,-794.328186,588.515808,196.727112,-737.844666,268.883392
116.80658,-529.870483,913.249756,-89.285202,-556.636047,901.36554,-51.976326,-745.057739,868.29071,-51.067184,-695.723206,524.756714,-56.841755,-556.800781,226.593597,175.160645,-802.022888,588.733948,196.044388,-755.099792,267.871613
117.532738,-536.721558,912.505005,-88.649307,-563.074707,901.06488,-51.773254,-751.553406,867.790588,-50.831779,-699.630005,524.271545,-56.934284,-558.289734,227.08374,174.369492,-809.416748,588.665405,195.259171,-771.912781,266.959686
118.271896,-543.653931,911.695496,-87.997536,-569.622437,900.755859,-51.514008,-758.139648,867.274414,-50.604652,-703.575562,523.809631,-57.069813,-559.824707,227.624008,173.688797,-816.545715,588.312988,194.383255,-788.239319,266.134399
119.024185,-550.679871,910.820313,-87.329651,-576.285828,900.437439,-51.20472,-764.825867,866.743469,-50.390572,-707.579102,523.37085,-57.244667,-561.418152,228.213684,173.114517,-823.4505,587.684631,193.430298,-804.038574,265.378113
119.790138,-557.811646,909.879883,-86.645088,-583.070557,900.108032,-50.852497,-771.62085,866.198669,-50.195446,-711.665771,522.954163,-57.453693,-563.084106,228.851288,172.639038,-830.175293,586.793396,192.415665,-819.273743,264.669617
120.570496,-565.060913,908.875183,-85.943039,-589.981262,899.765991,-50.465191,-778.532959,865.641235,-50.025478,-715.864868,522.556946,-57.690651,-564.838135,229.534958,172.251678,-836.766968,585.656799,191.356049,-833.911804,263.984863
121.36618,-572.438965,907.808228,-85.222572,-597.021729,899.409485,-50.051136,-785.570068,865.072266,-49.886154,-720.208679,522.175964,-57.948677,-566.696899,230.262573,171.939072,-843.273743,584.296387,190.269165,-847.92395,263.297974
122.178116,-579.955811,906.681702,-84.482841,-604.195679,899.036621,-49.618866,-792.739502,864.492737,-49.781239,-724.730042,521.807678,-58.220798,-568.678345,231.032059,171.685959,-849.743896,582.736877,189.173523,-861.285706,262.582306
123.007179,-587.621216,905.498596,-83.723091,-611.50592,898.645874,-49.176838,-800.048096,863.903687,-49.711884,-729.460876,521.447937,-58.500355,-570.800842,231.841385,171.475647,-856.223938,581.004761,188.087677,-873.976379,261.810883
123.854126,-595.443298,904.262451,-82.942795,-618.955383,898.235352,-48.733204,-807.502136,863.306152,-49.676258,-734.431274,521.093201,-58.781418,-573.083496,232.688889,171.290878,-862.758057,579.127747,187.030045,-885.979309,260.957764
124.719521,-603.42981,902.976685,-82.141655,-626.546631,897.803833,-48.295582,-815.107361,862.700867,-49.66972,-739.667603,520.739319,-59.059132,-575.545105,233.573181,171.114456,-869.386658,577.132935,186.018219,-897.28125,259.998413
125.603798,-611.586914,901.64502,-81.319603,-634.282104,897.350159,-47.870853,-822.868896,862.088562,-49.685577,-745.192627,520.38269,-59.32991,-578.203674,234.493317,170.93013,-876.145813,575.046204,185.068542,-907.872253,258.910492
126.507164,-619.920166,900.270813,-80.476791,-642.164368,896.873596,-47.464996,-830.791199,861.469604,-49.716187,-751.024841,520.019348,-59.591576,-581.075989,235.4487,170.723099,-883.066284,572.890747,184.195724,-917.745056,257.674408
127.429741,-628.433838,898.857178,-79.61351,-650.195313,896.373535,-47.083019,-838.878052,860.844666,-49.754089,-757.178589,519.64563,-59.843243,-584.176697,236.439133,170.480545,-890.173706,570.687134,183.412491,-926.894836,256.27356
128.37146,-637.131226,897.406494,-78.730171,-658.377014,895.849792,-46.728901,-847.132751,860.213867,-49.793022,-763.664917,519.257935,-60.085136,-587.518311,237.464783,170.192108,-897.487976,568.451965,182.729462,-935.318359,254.694763
129.33226,-646.014954,895.921143,-77.827209,-666.710999,895.302185,-46.405602,-855.557678,859.577454,-49.828419,-770.491577,518.853088,-60.318222,-591.110535,238.525955,169.849716,-905.024048,566.198181,182.155014,-943.013855,252.927963
130.312012,-655.086792,894.402527,-76.904999,-675.198547,894.730591,-46.115189,-864.154663,858.93573,-49.857502,-777.664429,518.428223,-60.543781,-594.960327,239.623169,169.447861,-912.791931,563.935303,181.695389,-949.98053,250.966156
131.310593,-664.3479,892.851624,-75.96386,-683.840698,894.135071,-45.858959,-872.924927,858.288574,-49.879013,-785.187317,517.981445,-60.763088,-599.072754,240.756958,168.982925,-920.798035,561.669373,181.354828,-956.218201,248.804916
132.327881,-673.798889,891.269165,-75.004036,-692.637878,893.515503,-45.637634,-881.869324,857.636414,-49.892639,-793.062927,517.511536,-60.977108,-603.450562,241.927689,168.452972,-929.045776,559.40387,181.135925,-961.726685,246.441757
133.363876,-683.440125,889.655212,-74.025612,-701.590393,892.872009,-45.451538,-890.988037,856.979065,-49.898464,-801.292542,517.0177,-61.186424,-608.094971,243.135635,167.857178,-937.536804,557.140442,181.039917,-966.506104,243.875595
134.418488,-693.271667,888.010132,-73.028648,-710.698425,892.204651,-45.300774,-900.281555,856.316589,-49.896587,-809.87677,516.499878,-61.391277,-613.006592,244.380905,167.195236,-946.271423,554.879639,181.067291,-970.556519,241.106049
